code,plot,habitat,site,treatment,spec,height,fweight,dweight,bulknr,leafa,comment
X2C1,X2C,X,2,C,Empnig,2.4,0.1029,0.0482,,3.983809452,
X2C2,X2C,X,2,C,Empnig,3,0.0774,0.0306,,3.06741322,
X2C3,X2C,X,2,C,Empnig,1.8,0.052,0.0244,,2.271949004,
X2C4,X2C,X,2,C,Empnig,2.1,0.0764,0.033,,2.915441911,
X2C9,X2C,X,2,C,Betnan,2.7,0.0632,0.0294,,3.655781076,
X2C10,X2C,X,2,C,Betnan,3,0.052,0.0222,,2.651517923,
X2C11,X2C,X,2,C,Vaculi,1.4,0.1109,0.0429,,4.493341981,
X2C12,X2C,X,2,C,Vaculi,2.4,0.0505,0.0206,,2.259117417,
X2C13,X2C,X,2,C,Vaculi,1.3,0.0587,0.0247,,2.717395856,
X2C14,X2C,X,2,C,Vaculi,2.6,0.069,0.0314,,3.035065543,
X2SF1,X2SF,X,2,SF,Empnig,2.6,0.0848,0.0414,,3.746372507,
X2SF2,X2SF,X,2,SF,Empnig,1.8,0.0391,0.0196,,1.786411911,
X2SF3,X2SF,X,2,SF,Empnig,2.7,0.0697,0.0379,,3.038004892,
X2SF4,X2SF,X,2,SF,Empnig,2.8,0.0661,0.0319,,2.977198562,
X2SF9,X2SF,X,2,SF,Betnan,12,0.0495,0.0231,,2.681625604,
X2SF10,X2SF,X,2,SF,Betnan,4.8,0.0558,0.0265,,2.716499728,
X2SF11,X2SF,X,2,SF,Betnan,5,0.0296,0.0135,,1.569602667,
X2SF12,X2SF,X,2,SF,Betnan,3.3,0.0543,0.0234,,2.874384574,
X2SF13,X2SF,X,2,SF,Vaculi,2.7,0.0642,0.0243,,3.240101262,
X2SF14,X2SF,X,2,SF,Vaculi,1.2,0.0259,0.0104,,1.245122671,
X2SF15,X2SF,X,2,SF,Vaculi,2.4,0.0364,0.0153,,1.7516094,
X2SF16,X2SF,X,2,SF,Vaculi,1.3,0.0743,0.0316,,2.812180827,
E1C1,E1C,E,1,C,Empnig,3.4,0.0903,0.0429,,3.6725733,
E1C2,E1C,E,1,C,Empnig,4.5,0.0935,0.0382,,3.977213981,
E1C3,E1C,E,1,C,Empnig,4.7,0.0602,0.0271,,2.603041246,
E1C4,E1C,E,1,C,Empnig,3.6,0.069,0.0304,,3.10289702,
E1C9,E1C,E,1,C,Betnan,10.3,0.0731,0.0302,,3.65837978,
E1C10,E1C,E,1,C,Betnan,10.4,0.0869,0.0373,,3.790189194,
E1C11,E1C,E,1,C,Betnan,10.7,0.0711,0.0301,,3.361265536,
E1C12,E1C,E,1,C,Betnan,9.8,0.0918,0.0359,,4.29370109,
E1C13,E1C,E,1,C,Vaculi,5.9,0.0441,0.0159,,2.211877512,
E1C14,E1C,E,1,C,Vaculi,9.2,0.0577,0.0222,,2.733955177,
E1C15,E1C,E,1,C,Vaculi,7.8,0.0655,0.0243,,2.606338658,
E1C16,E1C,E,1,C,Vaculi,9.7,0.0628,0.0233,,2.841553672,
E1SF1,E1SF,E,1,SF,Vaculi,3,0.0481,0.0193,,2.215927181,
E1SF2,E1SF,E,1,SF,Vaculi,7.9,0.0476,0.019,,2.287468328,
E1SF3,E1SF,E,1,SF,Vaculi,7.3,0.0548,0.0203,,2.552127154,
E1SF4,E1SF,E,1,SF,Vaculi,9.1,0.1005,0.0373,,4.43918467,
E1SF5,E1SF,E,1,SF,Empnig,6,0.0613,0.03,,2.34418886,
E1SF6,E1SF,E,1,SF,Empnig,5.3,0.132,0.0595,,5.43176333,
E1SF7,E1SF,E,1,SF,Empnig,7.5,0.1361,0.0594,,5.330509339,
E1SF8,E1SF,E,1,SF,Empnig,5.8,0.2372,0.1075,,8.396739336,
E1SF13,E1SF,E,1,SF,Betnan,16.4,0.1106,0.0456,,5.108645912,
E1SF14,E1SF,E,1,SF,Betnan,24.5,0.0739,0.0331,,3.66079913,
E1SF15,E1SF,E,1,SF,Betnan,26.4,0.0968,0.0405,,4.16434651,
E1SF16,E1SF,E,1,SF,Betnan,25.2,0.0721,0.0293,,3.496193653,
X1SF1,X1SF,X,1,SF,Vaculi,3.3,0.0445,0.0156,,2.695227513,
X1SF2,X1SF,X,1,SF,Vaculi,1.9,0.0359,0.0132,,1.888974932,
X1SF3,X1SF,X,1,SF,Empnig,2.8,0.085,0.0421,,3.246498668,
X1SF4,X1SF,X,1,SF,Empnig,4.9,0.098,0.049,,3.770996329,
X1SF5,X1SF,X,1,SF,Betnan,10,0.0958,0.0424,,4.85434513,
X1SF6,X1SF,X,1,SF,Betnan,9.3,0.0765,0.0344,,3.897805753,
X1SF9,X1SF,X,1,SF,Vaculi,4.4,0.0713,0.0307,,3.431265396,
X1SF10,X1SF,X,1,SF,Empnig,3.7,0.0653,0.0303,,2.407808733,
X1SF11,X1SF,X,1,SF,Betnan,10.6,0.072,0.0314,,3.940439861,
X1C1,X1C,X,1,C,Vaculi,1.8,0.0567,0.0234,,2.478884074,
X1C2,X1C,X,1,C,Vaculi,2.5,0.054,0.0214,,2.764743503,
X1C3,X1C,X,1,C,Empnig,4.6,0.1179,0.0548,,4.55063606,
X1C4,X1C,X,1,C,Empnig,2.7,0.0684,0.0345,,2.95580054,
X1C7,X1C,X,1,C,Betnan,6.6,0.0977,0.038,,5.30918293,
X1C8,X1C,X,1,C,Betnan,5.7,0.0649,0.0292,,3.231642569,
E2SF1,E2SF,E,2,SF,Vaculi,9.8,0.1196,0.041,,4.880921851,
E2SF2,E2SF,E,2,SF,Vaculi,7.2,0.0665,0.025,,2.562432294,
E2SF5,E2SF,E,2,SF,Empnig,5.4,0.1197,0.053,,4.822858096,
E2SF6,E2SF,E,2,SF,Empnig,7.4,0.0757,0.0308,,3.427000243,
E2SF7,E2SF,E,2,SF,Betnan,19.6,0.0957,0.041,,4.303557844,
E2SF8,E2SF,E,2,SF,Betnan,17.3,0.0815,0.0345,,4.444256273,
E2C1,E2C,E,2,C,Vaculi,8.3,0.0724,0.0313,,3.924956021,
E2C2,E2C,E,2,C,Vaculi,4.6,0.0518,0.0205,,2.320066973,
E2C5,E2C,E,2,C,Betnan,14.3,0.0502,0.0243,,2.799151821,
E2C6,E2C,E,2,C,Betnan,8.7,0.0474,0.0214,,2.429080948,
E2C7,E2C,E,2,C,Empnig,9.4,0.0779,0.0372,,3.05434873,
E2C8,E2C,E,2,C,Empnig,8.1,0.1101,0.0498,,3.933916648,
D1C1,D1C,D,1,C,Vaculi,6.7,0.1298,0.0505,,4.562463778,
D1C2,D1C,D,1,C,Vaculi,5.2,0.0756,0.0313,,3.101104766,
D1C3,D1C,D,1,C,Betnan,6.6,0.05222,0.0187,,2.570944536,
D1C4,D1C,D,1,C,Betnan,5.8,0.048,0.0216,,2.827987247,
D1C7,D1C,D,1,C,Empnig,3.6,0.0691,0.0314,,2.969653416,
D1C8,D1C,D,1,C,Empnig,4.2,0.0604,0.0289,,2.661858547,
D1SF1,D1SF,D,1,SF,Vaculi,5.6,0.0836,0.0328,,3.841336188,
D1SF2,D1SF,D,1,SF,Vaculi,4.6,0.1215,0.0485,,5.416404651,
D1SF3,D1SF,D,1,SF,Vaculi,6.3,0.166,0.0687,,7.04063108,
D1SF4,D1SF,D,1,SF,Betnan,12.2,0.0981,0.0402,,5.181907056,
D1SF5,D1SF,D,1,SF,Betnan,18.4,0.0617,0.0298,,3.379868079,
D1SF6,D1SF,D,1,SF,Betnan,10.3,0.083,0.0321,,4.454901413,
D1SF7,D1SF,D,1,SF,Empnig,4.7,0.0455,0.0202,,2.296572181,
D1SF8,D1SF,D,1,SF,Empnig,4.9,0.0516,0.0234,,2.518579479,
D1SF9,D1SF,D,1,SF,Empnig,5,0.1243,0.0471,,5.450938776,
E3SF1,E3SF,E,3,SF,Betnan,18.6,0.1109,0.0446,,5.099147221,
E3SF2,E3SF,E,3,SF,Betnan,14.8,0.0853,0.0343,,3.997124264,
E3SF3,E3SF,E,3,SF,Betnan,19.1,0.1648,0.0684,,7.306096356,
E3SF4,E3SF,E,3,SF,Betnan,22.6,0.075,0.0335,,3.764149891,
E3SF5,E3SF,E,3,SF,Vaculi,7.6,0.0756,0.0295,,3.66999266,
E3SF6,E3SF,E,3,SF,Vaculi,11.3,0.072,0.0297,,3.620530178,
E3SF7,E3SF,E,3,SF,Vaculi,10,0.0736,0.0267,,4.069418313,
E3SF8,E3SF,E,3,SF,Vaculi,4.5,0.0849,0.0351,,3.93354052,
E3SF9,E3SF,E,3,SF,Empnig,10.4,0.0875,0.0408,,3.85466971,
E3SF10,E3SF,E,3,SF,Empnig,10,0.1112,0.0489,,5.297462308,
E3SF11,E3SF,E,3,SF,Empnig,7.9,0.101,0.044,,4.51837806,
E3SF12,E3SF,E,3,SF,Empnig,6.4,0.1207,0.0576,,5.296727471,
D1Ca,D1C,D,1,C,Betnan,11,0.0515,0.0227,,2.485174384,
D1Cb,D1C,D,1,C,Betnan,5.7,0.0606,0.0268,,3.193505871,
D1Cc,D1C,D,1,C,Vaculi,4.2,0.0714,0.029,,2.99467143,
D1Cd,D1C,D,1,C,Vaculi,5.2,0.0742,0.0335,,3.105764111,
D1Ce,D1C,D,1,C,Empnig,5.5,0.0888,0.0376,,3.781551792,
D1Cf,D1C,D,1,C,Empnig,7.6,0.0803,0.0329,,3.697662927,
E2SFa,E2SF,E,2,SF,Betnan,11.9,0.0861,0.0372,,3.715727407,
E2SFb,E2SF,E,2,SF,Betnan,12.3,0.0982,0.0303,,4.880061853,
E2SFc,E2SF,E,2,SF,Vaculi,9.8,0.0585,0.0213,,2.470515059,
E2SFd,E2SF,E,2,SF,Vaculi,9.6,0.0692,0.0251,,2.616410251,
E2SFe,E2SF,E,2,SF,Empnig,9.3,0.1051,0.0468,,4.302482363,
E2SFf,E2SF,E,2,SF,Empnig,9.5,0.0951,0.0424,,4.140923331,
X1Ca,X1C,X,1,C,Betnan,10.2,0.04879,0.0232,,2.693937193,
X1Cb,X1C,X,1,C,Betnan,9.5,0.067,0.0282,,2.772718326,
X1Cc,X1C,X,1,C,Vaculi,2.9,0.0419,0.0165,,2.168687276,
X1Cd,X1C,X,1,C,Vaculi,3.9,0.0455,0.0189,,2.20951171,
X1Ce,X1C,X,1,C,Empnig,1.6,0.1013,0.0458,,4.08563699,
X1Cf,X1C,X,1,C,Empnig,2.2,0.0923,0.0422,,3.780189859,
X5C1,X5C,X,5,C,Betnan,2.3,0.053,0.0232,,,
X5C2,X5C,X,5,C,Betnan,0.1,0.0945,0.0353,,4.648557154,
X5C3,X5C,X,5,C,Betnan,1.9,0.0861,0.0363,,3.696891961,
X5C4,X5C,X,5,C,Betnan,2.1,0.0884,0.0363,,4.056945434,
X5C5,X5C,X,5,C,Vaculi,2.9,0.0664,0.0269,,,
X5C6,X5C,X,5,C,Vaculi,3.8,0.0663,0.0268,,3.162914964,
X5C7,X5C,X,5,C,Vaculi,0.6,0.0321,0.0123,,1.50612602,
X5C8,X5C,X,5,C,Vaculi,3.7,0.0447,0.0183,,2.268561914,
X5C9,X5C,X,5,C,Empnig,1.9,0.0851,0.0408,,3.214957441,
X5C10,X5C,X,5,C,Empnig,4.6,0.1488,0.0752,,6.254485556,
X5C11,X5C,X,5,C,Empnig,2,0.1555,0.0727,,6.629413193,
X5C12,X5C,X,5,C,Empnig,3.9,0.0824,0.0412,,2.984474031,
X4C1,X4C,X,4,C,Vaculi,1.6,0.015,0.005,,0.91435301,
X4C2,X4C,X,4,C,Vaculi,1.4,0.0359,0.0152,,1.791501578,
X4C3,X4C,X,4,C,Vaculi,1.9,0.039,0.0161,,1.980569587,
X4C4,X4C,X,4,C,Vaculi,1.9,0.0384,0.0158,,1.760426802,
X4C5,X4C,X,4,C,Betnan,5.2,0.0722,0.033,,3.255101232,
X4C6,X4C,X,4,C,Betnan,4.8,0.0936,0.0425,,4.224418003,
X4C7,X4C,X,4,C,Betnan,3.8,0.0975,0.0432,,4.66370035,
X4C8,X4C,X,4,C,Betnan,4.1,0.1335,0.0552,,5.669702209,
X4C9,X4C,X,4,C,Empnig,4,0.0346,0.0158,,1.426699727,
X4C10,X4C,X,4,C,Empnig,0.1,0.0925,0.047,,3.9370889,
X4C11,X4C,X,4,C,Empnig,3.6,0.0615,0.0309,,2.665908862,
X4C12,X4C,X,4,C,Empnig,2.9,0.0556,0.0241,,2.255891617,
X4SF1,X4SF,X,4,SF,Betnan,6.3,0.0803,0.0358,,3.990028149,
X4SF2,X4SF,X,4,SF,Betnan,4.8,0.0826,0.0319,,4.025171304,
X4SF3,X4SF,X,4,SF,Betnan,4.6,0.0697,0.0309,,3.662877836,
X4SF4,X4SF,X,4,SF,Betnan,6.9,0.0602,0.023,,3.365584882,
X4SF5,X4SF,X,4,SF,Vaculi,4.2,0.0577,0.0218,,2.814098243,
X4SF6,X4SF,X,4,SF,Vaculi,5.7,0.1126,0.0421,,4.505277441,
X4SF7,X4SF,X,4,SF,Vaculi,2.8,0.0362,0.0161,,1.67709342,
X4SF8,X4SF,X,4,SF,Vaculi,2.4,0.0583,0.0238,,2.858650412,
X4SF9,X4SF,X,4,SF,Empnig,3,0.084,0.041,,3.912357982,
X4SF10,X4SF,X,4,SF,Empnig,2.8,0.0594,0.0274,,2.820227263,
X4SF11,X4SF,X,4,SF,Empnig,3.2,0.0729,0.0331,,3.091911236,
X4SF12,X4SF,X,4,SF,Empnig,5.4,0.128,0.0652,,5.922389446,
D5SF1,D5SF,D,5,SF,Betnan,2.6,0.1125,0.0434,,5.127140068,
D5SF2,D5SF,D,5,SF,Betnan,19.5,0.1628,0.0595,,7.573622917,
D5SF3,D5SF,D,5,SF,Betnan,30,0.1296,0.0546,,6.310901572,
D5SF4,D5SF,D,5,SF,Betnan,16,0.1266,0.0496,,6.713714314,
D5SF5,D5SF,D,5,SF,Vaculi,6.1,0.0699,0.0277,,3.192449099,
D5SF6,D5SF,D,5,SF,Vaculi,7,0.1076,0.0371,,5.104236888,
D5SF7,D5SF,D,5,SF,Vaculi,6.7,0.2146,0.0877,,8.01675816,
D5SF8,D5SF,D,5,SF,Vaculi,5.7,0.1144,0.0425,,4.853663841,
D5SF9,D5SF,D,5,SF,Empnig,4.6,0.0829,0.0319,,3.491803339,
D5SF10,D5SF,D,5,SF,Empnig,10,0.1532,0.0542,,6.94788933,
D5SF11,D5SF,D,5,SF,Empnig,6.4,0.184,0.0696,,8.854857129,
D5SF12,D5SF,D,5,SF,Empnig,2.8,0.1405,0.0515,,7.210290096,
D4C1,D4C,D,4,C,Betnan,10.3,0.0637,0.0273,,3.436552482,
D4C2,D4C,D,4,C,Betnan,6.7,0.0584,0.0256,,3.02805846,
D4C3,D4C,D,4,C,Betnan,8.7,0.0539,0.0209,,2.963148267,
D4C4,D4C,D,4,C,Betnan,14.4,0.0729,0.0317,,3.749849274,
D4C5,D4C,D,4,C,Vaculi,6.6,0.052,0.0188,,2.660299196,
D4C6,D4C,D,4,C,Vaculi,4.4,0.0422,0.0153,,2.001143094,
D4C7,D4C,D,4,C,Vaculi,7.6,0.0666,0.0227,,2.549116837,
D4C8,D4C,D,4,C,Vaculi,7.9,0.0682,0.0251,,3.251068982,
D4C9,D4C,D,4,C,Empnig,4.6,0.1052,0.0495,,4.210905772,
D4C10,D4C,D,4,C,Empnig,1.9,0.0538,0.0246,,2.306626354,
D4C11,D4C,D,4,C,Empnig,9.1,0.0547,0.0246,,2.552665217,
D4C12,D4C,D,4,C,Empnig,3.2,0.0329,0.0163,,1.611556132,
D3SF1,D3SF,D,3,SF,Betnan,7.2,0.0764,0.0337,,3.5677348,
D3SF2,D3SF,D,3,SF,Betnan,9.2,0.0763,0.0328,,3.590835399,
D3SF3,D3SF,D,3,SF,Betnan,6.7,0.0498,0.0219,,2.612450259,
D3SF4,D3SF,D,3,SF,Betnan,6.2,0.0799,0.0342,,3.791623384,
D3SF5,D3SF,D,3,SF,Vaculi,3.7,0.0837,0.0363,,3.590978624,
D3SF6,D3SF,D,3,SF,Vaculi,4.6,0.0813,0.0365,,3.882823847,
D3SF7,D3SF,D,3,SF,Vaculi,3.8,0.0736,0.0292,,3.252036722,
D3SF8,D3SF,D,3,SF,Vaculi,5.2,0.0671,0.0267,,2.864940722,
D3SF9,D3SF,D,3,SF,Empnig,3.2,0.0575,0.0221,,2.523758178,
D3SF10,D3SF,D,3,SF,Empnig,3.9,0.0527,0.0239,,2.384009426,
D3SF11,D3SF,D,3,SF,Empnig,5.7,0.0834,0.0333,,3.216947114,
D3SF12,D3SF,D,3,SF,Empnig,4.1,0.098,0.0437,,3.43241249,
D2C1,D2C,D,2,C,Betnan,7.8,0.096,0.0427,,4.876531537,
D2C2,D2C,D,2,C,Betnan,6.5,0.0673,0.0294,,3.239079328,
D2C3,D2C,D,2,C,Betnan,7.3,0.0505,0.0241,,2.917682552,
D2C4,D2C,D,2,C,Betnan,2.3,0.0493,0.0231,,2.749134502,
D2C5,D2C,D,2,C,Vaculi,7.5,0.0767,0.0319,,4.158719424,
D2C6,D2C,D,2,C,Vaculi,5.5,0.0448,0.0165,,2.270049008,
D2C7,D2C,D,2,C,Vaculi,8.1,0.0588,0.0249,,3.054438407,
D2C8,D2C,D,2,C,Vaculi,6.1,0.0624,0.0253,,3.223828391,
D2C9,D2C,D,2,C,Empnig,4.9,0.0775,0.0379,,3.158667231,
D2C10,D2C,D,2,C,Empnig,2.7,0.0668,0.0338,,3.105782176,
D2C11,D2C,D,2,C,Empnig,6.2,0.0448,0.0211,,1.998526326,
D2C12,D2C,D,2,C,Empnig,3.4,0.0506,0.0262,,2.15676988,
E4SF1,E4SF,E,4,SF,Vaculi,7.8,0.1185,0.0439,,5.884719198,
E4SF2,E4SF,E,4,SF,Vaculi,6.7,0.1237,0.046,,5.233035986,
E4SF3,E4SF,E,4,SF,Vaculi,8.8,0.1482,0.0534,,7.075344559,
E4SF4,E4SF,E,4,SF,Betnan,14.6,0.0851,0.0344,,4.880850238,
E4SF5,E4SF,E,4,SF,Betnan,14.7,0.0892,0.0308,,4.908807602,
E4SF6,E4SF,E,4,SF,Betnan,11.9,0.0738,0.0326,,4.273432098,
E4SF7,E4SF,E,4,SF,Empnig,10.4,0.0583,0.0215,,3.231498698,
E4SF8,E4SF,E,4,SF,Empnig,7.7,0.078,0.0346,,4.134758827,
E4SF9,E4SF,E,4,SF,Empnig,8.5,0.0548,0.0233,,2.341267576,
E4SF10,E4SF,E,4,SF,Empnig,7.9,0.1229,0.0466,,4.542768979,
E4SF11,E4SF,E,4,SF,Vaculi,8.4,0.0749,0.0339,,3.960780466,
E4SF13,E4SF,E,4,SF,Betnan,20.5,0.0528,0.0212,,3.110047328,
E4C1,E4C,E,4,C,Vaculi,8.3,0.1229,0.0512,,4.786245266,
E4C2,E4C,E,4,C,Vaculi,8.7,0.0853,0.0316,,3.730351249,
E4C3,E4C,E,4,C,Vaculi,6.5,0.0738,0.0262,,3.29257406,
E4C4,E4C,E,4,C,Vaculi,6.4,0.0486,0.017,,4.389525414,
E4C5,E4C,E,4,C,Betnan,16.4,0.0907,0.0391,,4.451962709,
E4C6,E4C,E,4,C,Betnan,6,0.0514,0.0212,,3.097359612,
E4C7,E4C,E,4,C,Betnan,14.6,0.0785,0.0339,,3.698308087,
E4C8,E4C,E,4,C,Betnan,10.2,0.1283,0.0557,,6.47192254,
E4C9,E4C,E,4,C,Empnig,5.7,0.0831,0.0385,,3.359007476,
E4C10,E4C,E,4,C,Empnig,4.7,0.0874,0.0391,,3.225405807,
E4C11,E4C,E,4,C,Empnig,7.1,0.1021,0.0451,,3.913254109,
E4C12,E4C,E,4,C,Empnig,3.8,0.0753,0.0324,,2.967538581,
X3SF1,X3SF,X,3,SF,Vaculi,2.4,0.0408,0.0183,,2.307629578,
X3SF2,X3SF,X,3,SF,Vaculi,1.8,0.0607,0.0246,,3.786372427,
X3SF3,X3SF,X,3,SF,Vaculi,2.6,0.0624,0.0286,,3.265925081,
X3SF4,X3SF,X,3,SF,Vaculi,2.7,0.0534,0.0251,,2.711732641,
X3SF5,X3SF,X,3,SF,Betnan,3.3,0.0642,0.0295,,3.620691468,
X3SF6,X3SF,X,3,SF,Betnan,2.2,0.0652,0.0287,,4.205869653,
X3SF7,X3SF,X,3,SF,Betnan,2.9,0.0577,0.0254,,3.662662997,
X3SF8,X3SF,X,3,SF,Betnan,2.6,0.0756,0.031,,3.784920817,
X3SF9,X3SF,X,3,SF,Empnig,2.6,0.1037,0.046,,4.509130982,
X3SF10,X3SF,X,3,SF,Empnig,2.8,0.0599,0.0247,,2.161429226,
X3SF11,X3SF,X,3,SF,Empnig,2.2,0.0475,0.0242,,3.303756618,
X3SF12,X3SF,X,3,SF,Empnig,2.7,0.0801,0.0398,,3.36225134,
X3C1,X3C,X,3,C,Vaculi,0.7,0.025,0.0101,,1.270840039,
X3C2,X3C,X,3,C,Vaculi,1.1,0.0342,0.0142,,1.650874763,
X3C3,X3C,X,3,C,Vaculi,2.1,0.0312,0.0117,,1.487469928,
X3C4,X3C,X,3,C,Vaculi,1.6,0.0385,0.0165,,2.141716362,
X3C5,X3C,X,3,C,Betnan,3,0.1083,0.0522,,5.851637329,
X3C6,X3C,X,3,C,Betnan,2.9,0.1041,0.0452,,6.377604019,
X3C7,X3C,X,3,C,Betnan,6.8,0.0836,0.0379,,4.365887397,
X3C8,X3C,X,3,C,Empnig,2.2,0.0996,0.0474,,4.527356752,
X3C9,X3C,X,3,C,Empnig,1.7,0.0503,0.0248,,2.466858937,
X3C10,X3C,X,3,C,Empnig,0.9,0.0706,0.0302,,3.718809982,
X3C11,X3C,X,3,C,Empnig,2.4,0.1316,0.0645,,5.164058059,
E5SF1,E5SF,E,5,SF,Vaculi,6.3,0.0613,0.0209,,2.597593514,
E5SF2,E5SF,E,5,SF,Vaculi,7.9,0.1643,0.0582,,6.794376734,
E5SF3,E5SF,E,5,SF,Vaculi,2.5,0.0639,0.024,,2.818847266,
E5SF4,E5SF,E,5,SF,Vaculi,5.6,0.0915,0.0366,,,
E5SF5,E5SF,E,5,SF,Betnan,7.7,0.0732,0.0346,,4.028128073,
E5SF6,E5SF,E,5,SF,Betnan,7.9,0.0946,0.039,,5.705006654,
E5SF7,E5SF,E,5,SF,Betnan,22.4,0.2032,0.0756,,11.84384728,
E5SF8,E5SF,E,5,SF,Betnan,13.6,0.0625,0.0269,,3.731999633,
E5SF9,E5SF,E,5,SF,Empnig,6.9,0.1444,0.0658,,5.863303757,
E5SF10,E5SF,E,5,SF,Empnig,9.8,0.1709,0.0781,,7.584035154,
E5SF11,E5SF,E,5,SF,Empnig,9.3,0.1122,0.0521,,4.989130022,
E5SF12,E5SF,E,5,SF,Empnig,7.7,0.1022,0.0474,,4.231873472,
E5C1,E5C,E,5,C,Vaculi,4.6,0.0429,0.0167,,1.80677058,
E5C2,E5C,E,5,C,Vaculi,3.8,0.0281,0.0084,,1.506860857,
E5C3,E5C,E,5,C,Vaculi,4.1,0.0425,0.0179,,2.037666247,
E5C4,E5C,E,5,C,Vaculi,5.6,0.0344,0.0137,,1.712541091,
E5C5,E5C,E,5,C,Betnan,7.2,0.0975,0.0403,,4.567499897,
E5C6,E5C,E,5,C,Betnan,6.4,0.0743,0.0319,,3.446336978,
E5C7,E5C,E,5,C,Betnan,7.9,0.0931,0.0372,,4.802481363,
E5C8,E5C,E,5,C,Betnan,14.8,0.132,0.0546,,5.467963903,
E5C9,E5C,E,5,C,Empnig,4.6,0.1022,0.0536,,3.842483283,
E5C10,E5C,E,5,C,Empnig,4.3,0.1107,0.0526,,4.695133836,
E5C11,E5C,E,5,C,Empnig,5.4,0.0866,0.0403,,3.563003842,
E5C12,E5C,E,5,C,Empnig,3.5,0.0679,0.0342,,2.672144978,
D5C1,D5C,D,5,C,Vaculi,3.4,0.0479,0.0185,,2.498023391,
D5C2,D5C,D,5,C,Betnan,14.6,0.1127,0.0457,,5.452157483,
D5C3,D5C,D,5,C,Vaculi,5.6,0.0809,0.0314,,3.768003432,
D5C4,D5C,D,5,C,Vaculi,6.2,0.0983,0.0391,,4.698108668,
D5C5,D5C,D,5,C,Vaculi,5.7,0.0417,0.014,,2.524403338,
D5C6,D5C,D,5,C,Betnan,34.8,0.0913,0.0411,,4.826710992,
D5C7,D5C,D,5,C,Betnan,14.9,0.0613,0.0279,,3.047915194,
D5C8,D5C,D,5,C,Betnan,16.1,0.0714,0.0329,,3.504652346,
D5C9,D5C,D,5,C,Empnig,8.3,0.1686,0.0827,,7.15901794,
D5C10,D5C,D,5,C,Empnig,4.7,0.0532,0.0255,,2.149458282,
D5C11,D5C,D,5,C,Empnig,10.2,0.1281,0.0566,,5.174398038,
D5C12,D5C,D,5,C,Empnig,5.7,0.1039,0.0504,,4.543414139,
D4SF1,D4SF,D,4,SF,Vaculi,4.4,0.0955,0.0291,,4.8032162,
D4SF2,D4SF,D,4,SF,Vaculi,5.3,0.089,0.0262,,4.484148451,
D4SF3,D4SF,D,4,SF,Vaculi,6.9,0.1033,0.0338,,4.913072754,
D4SF4,D4SF,D,4,SF,Vaculi,6.9,0.0913,0.0285,,4.15999168,
D4SF5,D4SF,D,4,SF,Betnan,4.7,0.0588,0.0231,,2.605174144,
D4SF6,D4SF,D,4,SF,Betnan,5.6,0.0416,0.0172,,2.650048248,
D4SF7,D4SF,D,4,SF,Betnan,4.6,0.1625,0.054,,7.748228374,
D4SF8,D4SF,D,4,SF,Betnan,7.3,0.1902,0.072,,6.159432197,
D4SF9,D4SF,D,4,SF,Empnig,5.4,0.1321,0.0586,,5.4564407,
D4SF10,D4SF,D,4,SF,Empnig,4,0.0889,0.0337,,3.716874502,
D4SF11,D4SF,D,4,SF,Empnig,5.4,0.0838,0.0316,,3.565118031,
D4SF12,D4SF,D,4,SF,Empnig,4.7,0.0648,0.0269,,2.779420893,
D3C1,D3C,D,3,C,Vaculi,4.5,0.1121,0.0459,,5.516888321,
D3C2,D3C,D,3,C,Vaculi,3.6,0.0228,0.0082,,1.277882606,
D3C3,D3C,D,3,C,Vaculi,3.3,0.0631,0.0235,,3.156051107,
D3C4,D3C,D,3,C,Vaculi,3.1,0.0394,0.0121,,1.455785476,
D3C5,D3C,D,3,C,Betnan,6.4,0.0463,0.0205,,2.748793857,
D3C6,D3C,D,3,C,Betnan,12.2,0.0507,0.0221,,2.949277327,
D3C7,D3C,D,3,C,Betnan,6.8,0.0534,0.0236,,3.075818364,
D3C8,D3C,D,3,C,Betnan,7.9,0.0376,0.0165,,2.351321749,
D3C9,D3C,D,3,C,Empnig,7.6,0.0665,0.029,,2.76725253,
D3C10,D3C,D,3,C,Empnig,5.4,0.0581,0.025,,2.36209205,
D3C11,D3C,D,3,C,Empnig,3.9,0.0767,0.0353,,2.969205674,
D3C12,D3C,D,3,C,Empnig,4.5,0.0927,0.0381,,3.618075344,
D2SF1,D2SF,D,2,SF,Vaculi,3.1,0.0332,0.0143,,1.830946016,
D2SF2,D2SF,D,2,SF,Vaculi,2.3,0.0479,0.021,,2.313203116,
D2SF3,D2SF,D,2,SF,Vaculi,4.4,0.1222,0.0489,,5.220240527,
D2SF4,D2SF,D,2,SF,Vaculi,3.7,0.0983,0.0434,,4.678735804,
D2SF5,D2SF,D,2,SF,Betnan,6,0.0487,0.0222,,2.621105726,
D2SF6,D2SF,D,2,SF,Betnan,5.1,0.0386,0.0177,,2.309117317,
D2SF7,D2SF,D,2,SF,Betnan,5.7,0.0996,0.0416,,5.452874256,
D2SF8,D2SF,D,2,SF,Betnan,3.5,0.0667,0.0287,,3.791533707,
D2SF9,D2SF,D,2,SF,Empnig,5.1,0.0523,0.0227,,2.203741399,
D2SF10,D2SF,D,2,SF,Empnig,4.6,0.044,0.0191,,1.808724124,
D2SF11,D2SF,D,2,SF,Empnig,3.9,0.0462,0.0208,,2.013472747,
D2SF12,D2SF,D,2,SF,Empnig,3.6,0.0897,0.038,,3.991802339,
E3C1,E3C,E,3,C,Vaculi,9.3,0.0604,0.023,,3.040495854,
E3C2,E3C,E,3,C,Vaculi,6.2,0.0446,0.0187,,2.17789887,
E3C3,E3C,E,3,C,Vaculi,5.9,0.0558,0.0238,,2.887521322,
E3C4,E3C,E,3,C,Vaculi,5.7,0.0795,0.0297,,4.321873292,
E3C5,E3C,E,3,C,Betnan,18.4,0.0805,0.0357,,4.451048517,
E3C6,E3C,E,3,C,Betnan,11.9,0.0641,0.0281,,4.015941646,
E3C7,E3C,E,3,C,Betnan,18.2,0.1366,0.0613,,5.633357766,
E3C8,E3C,E,3,C,Betnan,16.7,0.0536,0.0244,,2.917771584,
E3C9,E3C,E,3,C,Empnig,6.3,0.0794,0.0383,,3.347161693,
E3C10,E3C,E,3,C,Empnig,7.8,0.0237,0.0099,,0.930051688,
E3C11,E3C,E,3,C,Empnig,7,0.0408,0.0197,,1.799315111,
E3C12,E3C,E,3,C,Empnig,8.5,0.094,0.0436,,3.632985637,
D1SFa,D1SF,D,1,SF,Vaculi,6.1,0.1441,0.0624,,6.518015996,
D1SFb,D1SF,D,1,SF,Betnan,26,0.0577,0.0268,,3.212233576,
D1SFc,D1SF,D,1,SF,Empnig,4.1,0.0402,0.0156,,2.09612484,
E2Ca,E2C,E,2,C,Vaculi,6.4,0.0871,0.0323,,4.482947808,
E2Cb,E2C,E,2,C,Vaculi,4.7,0.0352,0.0137,,1.802344137,
E2Cc,E2C,E,2,C,Betnan,7.7,0.0518,0.0217,,2.71660747,
E2Cd,E2C,E,2,C,Betnan,18.3,0.0612,0.0274,,2.67047853,
E2Ce,E2C,E,2,C,Empnig,7.1,0.0746,0.0365,,2.930424462,
E2Cf,E2C,E,2,C,Empnig,11.3,0.0997,0.053,,3.767536981,
X1SFa,X1SF,X,1,SF,Vaculi,3.4,0.0373,0.0133,,1.969565738,
X1SFb,X1SF,X,1,SF,Betnan,26.3,0.1305,0.0543,,6.741025873,
X1SFc,X1SF,X,1,SF,Empnig,8.7,0.0966,0.0505,,3.7983795,
X5SF1,X5SF,X,5,SF,Vaculi,2.9,0.0683,0.031,,3.428272498,
X5SF2,X5SF,X,5,SF,Vaculi,3.6,0.0592,0.0249,,2.984492096,
X5SF3,X5SF,X,5,SF,Vaculi,2.1,0.0575,0.0235,,2.766876402,
X5SF4,X5SF,X,5,SF,Vaculi,2.2,0.0795,0.0362,,3.950457906,
X5SF5,X5SF,X,5,SF,Betnan,3.8,0.0528,0.025,,2.603363826,
X5SF6,X5SF,X,5,SF,Betnan,4.9,0.0417,0.02,,2.226877482,
X5SF7,X5SF,X,5,SF,Betnan,4.4,0.0619,0.0274,,3.513021361,
X5SF8,X5SF,X,5,SF,Betnan,4.2,0.0566,0.026,,3.080997709,
X5SF9,X5SF,X,5,SF,Empnig,2.5,0.035,0.0193,,1.449477101,
X5SF10,X5SF,X,5,SF,Empnig,2.7,0.0495,0.0242,,2.105264822,
X5SF11,X5SF,X,5,SF,Empnig,1.6,0.0791,0.0392,,3.073488692,
X5SF12,X5SF,X,5,SF,Empnig,2,0.0291,0.0155,,1.262488443,
1,X4C,X,4,C,Dryoct,2.7,0.059,0.0211,5,2.547,
2,X4C,X,4,C,Loipro,0.5,0.0401,0.0191,10,1.061,
3,X4C,X,4,C,Loipro,0.9,0.0581,0.0306,10,,scan missing
4,X4C,X,4,C,Loipro,1.2,0.0588,0.0291,10,,scan missing
5,X4C,X,4,C,Arcalp,3.2,0.1196,0.0444,3,,scan missing
6,X4C,X,4,C,Arcalp,1.9,0.0771,0.0294,5,,scan missing
7,X4C,X,4,C,Arcalp,0.3,0.1508,0.0614,4,,scan missing
8,X4C,X,4,C,Astalp,2.9,0.056,0.0141,3,,scan missing
9,X4C,X,4,C,Astalp,3.1,0.2526,0.0556,3,11.148,
10,X4C,X,4,C,Astalp,3.1,0.1522,0.0353,3,6.428,
11,X4C,X,4,C,Pedlap,3.5,0.1476,0.0362,3,4.659,
12,X4C,X,4,C,Pedlap,2.6,0.0927,0.0276,3,3.281,
13,X4C,X,4,C,Pedlap,3.4,0.1305,0.0365,3,4.405,
14,X4SF,X,4,SF,Arcalp,4.9,0.1252,0.0431,3,4.907,
15,X4SF,X,4,SF,Arcalp,2.2,0.158,0.0582,4,6.838,
16,X4SF,X,4,SF,Arcalp,2.5,0.166,0.0819,4,6.382,
17,X4SF,X,4,SF,Dialap,1.5,0.0538,0.0239,9,0.899,
18,X4SF,X,4,SF,Juntri,6.4,0.0553,0.0196,3,2.086,
19,X4SF,X,4,SF,Juntri,7.9,0.0487,0.0171,3,1.876,
20,X4SF,X,4,SF,Juntri,6.4,0.0414,0.015,4,1.687,
21,X4SF,X,4,SF,Loipro,0.6,0.0374,0.0169,10,0.946,
22,X4SF,X,4,SF,Loipro,1.1,0.0432,0.0295,10,1.083,
23,X4SF,X,4,SF,Loipro,1.2,0.0355,0.02,10,0.838,
24,X3SF,X,3,SF,Juntri,6.4,0.1172,0.0377,5,3.118,
25,X3SF,X,3,SF,Juntri,7.3,0.1143,0.0377,5,3.578,
26,X3SF,X,3,SF,Juntri,9,0.1206,0.0407,3,3.412,
27,X3SF,X,3,SF,Loipro,1,0.047,0.0226,10,1.052,
28,X3SF,X,3,SF,Loipro,0.7,0.0495,0.0241,10,1.143,
29,X3SF,X,3,SF,Loipro,1.2,0.0474,0.0239,10,1.203,
30,E5C,E,5,C,Arcalp,4,0.1271,0.0514,3,4.963,
31,E5C,E,5,C,Arcalp,2.6,0.1241,0.0522,3,4.868,
32,E5C,E,5,C,Arcalp,3.2,0.092,0.0367,3,3.461,
33,E5C,E,5,C,Callap,16.6,0.0952,0.04,2,4.938,
34,E5C,E,5,C,Callap,19.4,0.1528,0.0616,3,10.467,
35,E5C,E,5,C,Callap,19.5,0.0619,0.0248,1,3.441,
36,E5C,E,5,C,Vacvit,1.9,0.0305,0.0138,4,1.167,
37,E5C,E,5,C,Vacvit,3.3,0.083,0.043,4,2.363,
38,E5C,E,5,C,Vacvit,2.3,0.047,0.0232,3,1.438,
39,E5SF,E,5,SF,Andpol,5.7,0.0615,0.0158,5,2.247,
40,E5SF,E,5,SF,Andpol,2.4,0.035,0.0101,4,1.14,
41,E5SF,E,5,SF,Andpol,2.4,0.0113,0.0021,3,0.45,
42,E5SF,E,5,SF,Callap,31.2,0.1495,0.0575,4,10.513,
43,E5SF,E,5,SF,Callap,14.6,0.1778,0.0647,4,11.871,
44,E5SF,E,5,SF,Callap,14.3,0.124,0.0487,4,6.85,
45,E5SF,E,5,SF,Carbig,11.3,0.1558,0.0591,3,7.705,
46,E5SF,E,5,SF,Carbig,9.9,0.1792,0.0662,3,8.977,
47,E5SF,E,5,SF,Carbig,7,0.0775,0.0273,3,4.224,
48,E5SF,E,5,SF,Equpra,7.4,0.2487,0.0542,1,7.226,
49,E5SF,E,5,SF,Equpra,4.8,0.4585,0.0944,1,12.711,
50,E5SF,E,5,SF,Equpra,7.8,0.404,0.0961,1,9.592,
51,E5SF,E,5,SF,Equsci,2.3,0.1277,0.0566,10,3.867,
52,E5SF,E,5,SF,Equsci,4.4,0.0929,0.0444,8,3.383,
53,E5SF,E,5,SF,Equsci,1.2,0.0364,0.013,6,1.11,
54,E5SF,E,5,SF,Rubcha,4.1,0.1311,0.0433,1,5.726,
55,E5SF,E,5,SF,Rubcha,3.4,0.1731,0.0553,1,6.749,
56,E5SF,E,5,SF,Rubcha,3.9,0.273,0.0949,1,10.51,
57,E5SF,E,5,SF,Sallap,74,0.8004,0.289,3,27.859,
58,E5SF,E,5,SF,Sallap,3.2,0.4711,0.1882,3,18.86,
59,E5SF,E,5,SF,Sallap,41.5,0.5231,0.2107,3,20.191,
60,E5SF,E,5,SF,Vacvit,3.1,0.1123,0.0385,4,3.718,
61,E5SF,E,5,SF,Vacvit,4.5,0.0752,0.0256,3,2.665,
62,E5SF,E,5,SF,Vacvit,2,0.0369,0.0094,3,1.503,
63,E5SF,E,5,SF,Pedlap,4.1,0.0543,0.015,4,2.792,
64,E5SF,E,5,SF,Pedlap,2.8,0.084,0.02,3,3.124,
65,E4SF,E,4,SF,Arcalp,6,0.141,0.0577,3,5.942,
66,E4SF,E,4,SF,Arcalp,5.6,0.2124,0.0797,4,9.557,
67,E4SF,E,4,SF,Arcalp,4.4,0.0871,0.0264,3,4.501,
68,E4SF,E,4,SF,Bisviv,8.8,0.3711,0.0914,2,11.382,
69,E4SF,E,4,SF,Bisviv,11.4,0.4246,0.1005,2,11.68,
70,E4SF,E,4,SF,Bisviv,8.4,0.2027,0.0505,2,6.783,
71,E4SF,E,4,SF,Fesovi,7.8,0.0459,0.0191,4,1.992,
72,E4SF,E,4,SF,Fesovi,10.3,0.0853,0.0359,6,3.808,
73,E4SF,E,4,SF,Fesovi,9.6,0.0413,0.0183,5,1.415,
74,E4SF,E,4,SF,Sallap,42,0.2665,0.1022,3,9.861,
75,E4SF,E,4,SF,Sallap,23,0.3541,0.1406,3,13.568,
76,E4SF,E,4,SF,Sallap,57,0.5179,0.201,3,17.968,
77,E4SF,E,4,SF,Callap,20,0.1123,0.0452,2,6.193,
78,E4SF,E,4,SF,Callap,18.2,0.0682,0.0284,3,3.21,
79,E4SF,E,4,SF,Callap,17.5,0.1584,0.0584,3,10.641,
80,E4SF,E,4,SF,Equpra,14.3,0.325,0.0913,1,11.374,
81,E4SF,E,4,SF,Equpra,7.5,0.1614,0.0452,1,5.33,
82,E4SF,E,4,SF,Equpra,11.5,0.2764,0.0766,1,6.593,
83,E4SF,E,4,SF,Carbig,13,0.2394,0.0883,3,11.633,
84,E4SF,E,4,SF,Carbig,14.5,0.2296,0.0875,3,10.856,
85,E4SF,E,4,SF,Carbig,17,0.1419,0.0484,3,9.286,
86,E4SF,E,4,SF,Pedlap,5.4,0.0871,0.024,2,3.246,
87,E4SF,E,4,SF,Pedlap,5,0.0777,0.0178,2,3.16,
88,E4SF,E,4,SF,Pedlap,3.7,0.1046,0.0258,3,4.545,
89,E4SF,E,4,SF,Dryoct,4.2,0.0507,0.0183,3,2.434,
90,X5C,X,5,C,Loipro,1.5,0.039,0.0201,10,0.854,
91,X5C,X,5,C,Loipro,0.7,0.0525,0.0264,10,1.184,
92,X5C,X,5,C,Loipro,0.6,0.0601,0.0326,10,1.385,
93,X5C,X,5,C,Dryoct,2.7,0.0678,0.0267,3,2.604,
94,X5C,X,5,C,Dryoct,1.9,0.07,0.0295,3,2.154,
95,X5C,X,5,C,Dryoct,3.1,0.0837,0.0329,3,2.663,
96,X5C,X,5,C,Dialap,2.5,0.0434,0.0243,9,0.709,
97,X5C,X,5,C,Dialap,1.4,0.0281,0.0117,10,0.56,
98,X5C,X,5,C,Dialap,1.7,0.0498,0.0148,10,0.971,
99,X5C,X,5,C,Rholap,1.9,0.0847,0.029,5,2.746,
100,X5C,X,5,C,Rholap,1.5,0.0462,0.0185,5,1.476,
101,X5C,X,5,C,Rholap,1,0.0276,0.0107,4,0.994,
102,X5SF,X,5,SF,Dryoct,2.8,0.0471,0.0184,4,1.436,
103,X5SF,X,5,SF,Dryoct,1.8,0.0362,0.0156,3,,
104,X5SF,X,5,SF,Dryoct,2.3,0.052,0.0201,3,1.501,
105,X5SF,X,5,SF,Loipro,1.8,0.0314,0.0193,10,0.873,
106,X5SF,X,5,SF,Loipro,1.7,0.0499,0.0261,10,1.163,
107,X5SF,X,5,SF,Loipro,0.8,0.053,0.0295,10,,
108,X5SF,X,5,SF,Juntri,4.6,0.0284,0.0108,2,1.04,
109,E4C,E,4,C,Andpol,3.2,0.0712,0.0321,6,1.844,
110,E4C,E,4,C,Andpol,4.7,0.0616,0.0183,6,1.965,
111,X5SF,X,5,SF,Dialap,1,0.0436,0.0206,10,0.836,
112,X5SF,X,5,SF,Dialap,0.8,0.0582,0.0274,10,0.913,
113,X5SF,X,5,SF,Dialap,0.5,0.0415,0.0195,10,0.804,
114,X5SF,X,5,SF,Rholap,1.2,0.0261,0.0108,3,0.811,
115,X5SF,X,5,SF,Rholap,1.4,0.0244,0.01,5,0.936,
116,E4C,E,4,C,Andpol,5.4,0.0959,0.0312,5,2.197,
117,E4C,E,4,C,Arcalp,3.1,0.0841,0.0256,3,3.52,
118,E4C,E,4,C,Arcalp,3.6,0.1358,0.0465,4,5.737,
119,E4C,E,4,C,Arcalp,7.5,0.1894,0.0614,3,6.609,
120,E4C,E,4,C,Astalp,5.8,0.1886,0.0356,2,9.51,
121,E4C,E,4,C,Astalp,6.3,0.0786,0.0172,1,4.558,
122,E4C,E,4,C,Astalp,5.6,0.098,0.0216,2,5.555,
123,E4C,E,4,C,Bisviv,9,0.4323,0.088,2,10.777,
124,E4C,E,4,C,Bisviv,7.7,0.2118,0.0538,2,6.254,
125,E4C,E,4,C,Bisviv,7.5,0.1001,0.0249,1,3.384,
126,E4C,E,4,C,Callap,12.6,0.0836,0.0295,3,5.057,
127,E4C,E,4,C,Callap,15.2,0.0884,0.0354,2,5.381,
128,E4C,E,4,C,Callap,20.5,0.0511,0.0179,2,2.918,
129,E4C,E,4,C,Carbig,9.4,0.1131,0.0383,3,6.221,
130,E4C,E,4,C,Carbig,9.5,0.125,0.0404,3,7.076,
131,E4C,E,4,C,Carbig,11.3,0.1413,0.0484,3,7.784,
132,E4C,E,4,C,Equsci,5.2,0.0594,0.0191,7,1.927,
133,E4C,E,4,C,Equsci,6.7,0.1443,0.0454,8,4.385,
134,E4C,E,4,C,Equsci,4.4,0.0617,0.0292,3,1.857,
135,E4C,E,4,C,Pedlap,6.6,0.1326,0.0343,3,5.101,
136,E4C,E,4,C,Pedlap,5.9,0.1077,0.0278,3,4.224,
137,E4C,E,4,C,Pedlap,5.1,0.1327,0.0362,2,5.005,
138,E3C,E,3,C,Equpra,12.4,0.2801,0.0766,1,9.653,
139,E3C,E,3,C,Equpra,13.6,0.4803,0.1304,1,16.676,
140,E3C,E,3,C,Equpra,12.6,0.2286,0.0589,1,7.374,
141,E3C,E,3,C,Callap,15.8,0.0374,0.014,3,2.815,
142,E3C,E,3,C,Callap,12.6,0.0636,0.0273,2,2.86,
143,E3C,E,3,C,Callap,17.6,0.0677,0.0277,2,4.006,
144,E3C,E,3,C,Vacvit,6.3,0.1304,0.0648,4,3.076,
145,E3C,E,3,C,Vacvit,10.2,0.1621,0.0672,6,4.427,
146,E3C,E,3,C,Vacvit,8.5,0.1043,0.0405,6,3.518,
147,E3C,E,3,C,Andpol,4.3,0.0413,0.0176,6,1.161,
148,E3C,E,3,C,Andpol,5.6,0.04487,0.0196,6,1.265,
149,E3C,E,3,C,Andpol,5.8,0.0641,0.0258,6,1.923,
150,E3C,E,3,C,Sallap,25,0.3461,0.1448,3,11.69,
151,E3C,E,3,C,Sallap,31,0.6224,0.2273,3,20.405,
152,E3C,E,3,C,Sallap,32,0.8722,0.3348,3,32.017,
153,E3C,E,3,C,Equsci,9.2,0.1036,0.0414,5,2.665,
154,E3C,E,3,C,Equsci,8.3,0.0977,0.0369,3,2.672,
155,E3C,E,3,C,Equsci,5.6,0.1041,0.04,4,2.825,
156,E3SF,E,3,SF,Callap,20.2,0.1175,0.0448,2,5.715,
157,E3SF,E,3,SF,Callap,18.2,0.1348,0.0535,4,8.262,
158,E3SF,E,3,SF,Callap,21.8,0.1026,0.041,2,5.669,
159,E3SF,E,3,SF,Carbig,7.6,0.1331,0.0453,6,7.256,
160,E3SF,E,3,SF,Carbig,6.3,0.0552,0.0178,3,3.082,
161,E3SF,E,3,SF,Carbig,13.2,0.1527,0.0533,3,7.748,
162,E3SF,E,3,SF,Arcalp,3.8,0.1963,0.0821,3,6.915,
163,E3SF,E,3,SF,Arcalp,4.8,0.1487,0.0525,3,7.136,
164,E3SF,E,3,SF,Arcalp,6.8,0.1559,0.0537,3,7.89,
165,E3SF,E,3,SF,Vacvit,4.5,0.0708,0.0265,4,2.563,
166,E3SF,E,3,SF,Vacvit,4.7,0.0752,0.0283,4,2.652,
167,E3SF,E,3,SF,Vacvit,5,0.07,0.0277,4,2.301,
168,E2C,E,2,C,Arcalp,3.5,0.1714,0.0652,4,7.166,
169,E2C,E,2,C,Arcalp,5,0.1,0.04,3,4.437,
170,E2C,E,2,C,Arcalp,3.4,0.0964,0.0332,3,4.272,
171,E2C,E,2,C,Rubcha,4.9,0.2301,0.0743,1,8.4,
172,E2C,E,2,C,Rubcha,2.3,0.0746,0.0242,1,3.177,
173,E2C,E,2,C,Rubcha,2.2,0.09,0.0303,1,3.746,
174,E2C,E,2,C,Callap,20.2,0.1084,0.0433,2,5.043,
175,E2C,E,2,C,Callap,26.6,0.2208,0.094,3,11.589,
176,E2C,E,2,C,Callap,18.6,0.0581,0.0219,2,2.985,
177,E2C,E,2,C,Vacvit,5.8,0.102,0.048,5,3.013,
178,E2C,E,2,C,Vacvit,4.4,0.0638,0.0313,3,1.817,
179,E2C,E,2,C,Vacvit,3.6,0.0833,0.0373,6,2.845,
180,E2C,E,2,C,Sallap,16.6,0.2745,0.112,3,10.006,
181,E2C,E,2,C,Sallap,25.6,0.3717,0.146,3,13.8,
182,E2C,E,2,C,Sallap,17.4,0.4889,0.1883,3,18.284,
183,E2C,E,2,C,Linbor,1,0.0446,0.0155,8,2.314,
184,E2C,E,2,C,Linbor,1.1,0.0446,0.0161,7,2.334,
185,E2C,E,2,C,Linbor,1.6,0.0439,0.0155,6,2.155,
186,E2C,E,2,C,Equpra,10.3,0.1171,0.0314,1,3.704,
187,E2C,E,2,C,Equpra,14,0.3568,0.0988,1,11.523,
188,E2C,E,2,C,Equpra,13.6,0.2854,0.0761,1,7.806,
189,E2C,E,2,C,Carbig,7.8,0.0668,0.026,3,3.681,
190,E2C,E,2,C,Carbig,9.6,0.1645,0.0584,3,8.087,
191,E2C,E,2,C,Carbig,10.2,0.106,0.0364,3,5.969,
192,E2SF,E,2,SF,Callap,18.6,0.081,0.0277,2,4.824,
193,E2SF,E,2,SF,Callap,15.2,0.114,0.0433,2,6.453,
194,E2SF,E,2,SF,Callap,19.3,0.1223,0.0482,2,6.161,
195,E2SF,E,2,SF,Vacvit,3.6,0.1322,0.0664,4,3.436,
196,E2SF,E,2,SF,Vacvit,7.1,0.1546,0.0724,6,4.649,
197,E2SF,E,2,SF,Vacvit,2.8,0.0898,0.0338,6,2.958,
198,E2SF,E,2,SF,Arcalp,3.8,0.1137,0.0456,3,4.495,
199,E2SF,E,2,SF,Arcalp,4.1,0.1115,0.0477,3,5.106,
200,E2SF,E,2,SF,Arcalp,4.2,0.1315,0.0535,3,5.698,
201,E2SF,E,2,SF,Sallap,24,0.3028,0.1178,3,13.078,
202,E2SF,E,2,SF,Sallap,22.8,0.4046,0.1564,3,16.269,
203,E2SF,E,2,SF,Sallap,23.8,0.3867,0.1494,3,15.705,
204,X2SF,X,2,SF,Dryoct,2,0.103,0.054,3,3.857,
205,X2SF,X,2,SF,Dryoct,3.4,0.1256,0.0432,3,3.373,
206,X2SF,X,2,SF,Dryoct,3,0.073,0.0292,3,2.414,
207,X2SF,X,2,SF,Loipro,0.8,0.064,0.0323,15,1.529,
208,X2SF,X,2,SF,Loipro,1.1,0.0837,0.0432,15,1.813,
209,X2SF,X,2,SF,Loipro,0.6,0.0537,0.0288,15,1.323,
210,X2C,X,2,C,Dryoct,3.4,0.0873,0.0381,3,2.86,
211,X2C,X,2,C,Dryoct,1.8,0.0661,0.0284,3,2.048,
212,X2C,X,2,C,Dryoct,2.6,0.1036,0.0445,3,3.147,
213,X2C,X,2,C,Loipro,0.5,0.0494,0.0251,15,1.062,scan cut
214,X2C,X,2,C,Loipro,0.4,0.0625,0.0305,15,0.999,scan cut
215,X2C,X,2,C,Loipro,0.6,0.0699,0.033,15,1.573,
216,X2C,X,2,C,Juntri,13.3,0.3032,0.1142,8,4.946,initially 9 leaves; scan cut
217,X2C,X,2,C,Juntri,9.6,0.2049,0.0765,6,4.37,scan cut
218,X2C,X,2,C,Juntri,12.4,0.1682,0.0622,4,3.383,scan cut
219,X2C,X,2,C,Pinvul,0.3,0.0882,0.0076,3,1.806,
220,X2C,X,2,C,Pinvul,0.2,0.1106,0.0146,3,2.187,
221,X2C,X,2,C,Pinvul,0.3,0.2082,0.0197,3,4.649,
222,E1C,E,1,C,Vacvit,2.8,0.1631,0.0661,6,4.531,
223,E1C,E,1,C,Vacvit,3.2,0.0866,0.0322,4,2.937,
224,E1C,E,1,C,Vacvit,2.5,0.1016,0.0448,6,2.897,
225,E1C,E,1,C,Arcalp,3.3,0.104,0.0446,3,3.876,
226,E1C,E,1,C,Arcalp,4.3,0.0615,0.0241,3,2.421,
227,E1C,E,1,C,Arcalp,3,0.1224,0.0494,3,4.542,
228,E1C,E,1,C,Callap,13.2,0.0492,0.0187,3,3.208,
229,E1C,E,1,C,Callap,12.6,0.0446,0.0167,3,2.38,
230,E1C,E,1,C,Callap,12.6,0.058,0.0234,4,2.98,
231,E1C,E,1,C,Carbig,4.9,0.0381,0.0136,3,2.037,
232,E1C,E,1,C,Carbig,7.3,0.0679,0.0241,3,3.703,
233,E1C,E,1,C,Carbig,5.4,0.0832,0.0302,3,4.56,
234,E1C,E,1,C,Fesovi,8.1,0.0436,0.0198,6,1.482,
235,E1C,E,1,C,Fesovi,10.5,0.0419,0.0173,6,1.611,
236,E1C,E,1,C,Fesovi,6.8,0.0323,0.0138,7,1.082,
237,E1C,E,1,C,Bisviv,7.3,0.1732,0.0448,2,6.21,
238,E1C,E,1,C,Bisviv,8.6,0.1506,0.0353,2,4.775,
239,E1C,E,1,C,Bisviv,7.3,0.1441,0.035,2,4.655,
240,E1SF,E,1,SF,Astalp,3.1,0.1841,0.0517,3,7.699,
241,E1SF,E,1,SF,Astalp,7.8,0.1063,0.0238,3,5.356,
242,E1SF,E,1,SF,Astalp,6.8,0.2131,0.0551,3,9.339,
243,E1SF,E,1,SF,Callap,17.9,0.0585,0.0223,2,3.383,
244,E1SF,E,1,SF,Callap,22.4,0.0865,0.0367,2,5.364,
245,E1SF,E,1,SF,Callap,22.3,0.1666,0.0707,4,9.26,
246,E1SF,E,1,SF,Fesovi,9,0.0539,0.0253,5,2.014,
247,E1SF,E,1,SF,Fesovi,9.6,0.031,0.0141,5,1.224,
248,E1SF,E,1,SF,Fesovi,5,0.0313,0.0141,5,1.278,
249,E1SF,E,1,SF,Salarb,9.1,0.1709,0.0616,3,8.513,
250,E1SF,E,1,SF,Salarb,15.4,0.2228,0.0791,3,11.042,
251,E1SF,E,1,SF,Salarb,21.1,0.2888,0.0982,3,14.595,
252,E1SF,E,1,SF,Vacvit,6.8,0.1036,0.0469,6,3.684,
253,E1SF,E,1,SF,Vacvit,6,0.099,0.0508,5,2.862,
254,E1SF,E,1,SF,Vacvit,11.2,0.1096,0.0465,6,4.257,
255,E1SF,E,1,SF,Arcalp,5.2,0.1037,0.0372,3,4.351,
256,E1SF,E,1,SF,Arcalp,4.7,0.113,0.0422,3,5.144,
257,E1SF,E,1,SF,Arcalp,4.9,0.1286,0.0468,3,5.741,
258,E1SF,E,1,SF,Saualp,5.6,0.4077,0.0969,2,10.308,
259,E1SF,E,1,SF,Saualp,7.3,0.5238,0.1223,2,13.827,
260,E1SF,E,1,SF,Saualp,3.8,0.2766,0.0552,2,7.866,
261,E1SF,E,1,SF,Carbig,4.5,0.0818,0.0307,4,4.458,
262,E1SF,E,1,SF,Carbig,6,0.0742,0.0255,3,3.657,
263,E1SF,E,1,SF,Carbig,7.6,0.154,0.0528,3,7.557,
264,E1SF,E,1,SF,Pedlap,3.7,0.1119,0.0327,3,3.871,
265,E1SF,E,1,SF,Pedlap,3.2,0.1655,0.0463,4,5.378,
266,E1SF,E,1,SF,Pedlap,3.4,0.1131,0.0305,3,4.094,
267,E1SF,E,1,SF,Thaalp,6.2,0.132,0.0426,3,6.257,
268,E1SF,E,1,SF,Thaalp,7.5,0.1016,0.0344,1,3.539,
269,E1SF,E,1,SF,Thaalp,7.7,0.1419,0.0495,2,6.466,
270,X1C,X,1,C,Arcalp,2.5,0.0631,0.0288,3,2.905,
271,X1C,X,1,C,Arcalp,3,0.0946,0.0387,3,3.839,
272,X1C,X,1,C,Arcalp,3.8,0.0946,0.0372,3,,
273,X1C,X,1,C,Vacvit,2.8,0.0432,0.02,5,1.49,
274,X1C,X,1,C,Vacvit,2.6,0.0588,0.0272,6,1.822,
275,X1C,X,1,C,Vacvit,3,0.0993,0.0459,6,3.189,
276,X1C,X,1,C,Loipro,1.1,0.0782,0.0372,14,1.602,initial number 15
277,X1C,X,1,C,Loipro,0.8,0.0514,0.0283,15,1.195,
278,X1C,X,1,C,Loipro,0.7,0.0478,0.0255,15,1.152,
279,X1C,X,1,C,Dialap,0.8,0.0671,0.0309,15,1.128,
280,X1C,X,1,C,Dialap,1.2,0.0846,0.0381,15,1.736,
281,X1C,X,1,C,Dialap,0.6,0.0663,0.0299,15,1.309,
282,X1SF,X,1,SF,Vacvit,4.4,0.0824,0.0386,6,2.593,
283,X1SF,X,1,SF,Vacvit,2.5,0.089,0.0426,6,2.764,
284,X1SF,X,1,SF,Vacvit,3.6,0.0691,0.03,4,2.236,
285,X1SF,X,1,SF,Loipro,2.3,0.0669,0.0342,15,1.716,
286,X1SF,X,1,SF,Loipro,0.8,0.0855,0.0456,15,1.682,
287,X1SF,X,1,SF,Loipro,1.2,0.0675,0.0349,15,1.582,
288,X1SF,X,1,SF,Juntri,11.5,0.2731,0.0988,8,8.673,
289,X1SF,X,1,SF,Juntri,9,0.0962,0.0362,5,3.445,
290,X1SF,X,1,SF,Juntri,8.1,0.0742,0.0263,6,3.153,
291,D3SF,D,3,SF,Andpol,3.3,0.0352,0.0161,6,0.98,
292,D3SF,D,3,SF,Andpol,5.9,0.0292,0.0113,5,1.002,
293,D3SF,D,3,SF,Andpol,3.6,0.0665,0.0302,7,1.801,
294,D3SF,D,3,SF,Sallap,25.4,0.408,0.1736,4,15.981,
295,D3SF,D,3,SF,Sallap,12.9,0.1396,0.0603,3,5.708,
296,D3SF,D,3,SF,Sallap,13.3,0.1649,0.0727,3,6.516,
297,D3SF,D,3,SF,Bisviv,8.1,0.1782,0.0411,2,4.923,
298,D3SF,D,3,SF,Bisviv,7.4,0.0879,0.0223,2,2.647,
299,D3SF,D,3,SF,Bisviv,8.5,0.0702,0.0173,1,2.163,
300,D3SF,D,3,SF,Carbig,10.1,0.1145,0.0435,3,7.179,
301,D3SF,D,3,SF,Carbig,8.2,0.039,0.0155,2,2.574,
302,D3SF,D,3,SF,Carbig,8.7,0.0804,0.0295,3,4.674,
303,D3SF,D,3,SF,Cardio,4.5,0.0099,0.003,3,0.392,
304,D3SF,D,3,SF,Cardio,3.9,0.021,0.0086,3,0.876,
305,D3SF,D,3,SF,Cardio,5.8,0.0265,0.0069,3,0.786,
306,D3SF,D,3,SF,Carvag,7.5,0.1424,0.0458,5,6.81,
307,D3SF,D,3,SF,Carvag,8,0.0726,0.0237,3,4.283,
308,D3SF,D,3,SF,Carvag,10.1,0.1089,0.0381,4,6.473,
309,D3SF,D,3,SF,Baralp,9,0.1012,0.0307,5,3.95,
310,D3SF,D,3,SF,Baralp,10.7,0.2276,0.0728,6,8.746,
311,D3SF,D,3,SF,Baralp,5.2,0.0426,0.0153,6,1.957,
312,D3SF,D,3,SF,Tofpus,2.3,0.0303,0.0066,5,1.216,
313,D3SF,D,3,SF,Tofpus,1.6,0.0274,0.0076,4,1.004,
314,D3SF,D,3,SF,Tofpus,3.2,0.0587,0.0185,5,2.322,
315,D3SF,D,3,SF,Rholap,6.9,0.0794,0.0336,6,2.812,
316,D3SF,D,3,SF,Rholap,3.8,0.0349,0.0141,5,1.302,
317,D3SF,D,3,SF,Rholap,5.5,0.0477,0.0152,4,1.234,
318,D3SF,D,3,SF,Trices,15.2,0.2225,0.0779,7,6.92,
319,D3SF,D,3,SF,Trices,11.6,0.1602,0.0692,6,4.751,
320,D3SF,D,3,SF,Trices,11.3,0.1834,0.0692,7,5.244,
321,D3SF,D,3,SF,Erivag,6,0.0466,0.0162,4,1.458,
322,D3SF,D,3,SF,Erivag,12.9,0.0398,0.0116,1,0.991,
323,D3SF,D,3,SF,Erivag,9.6,0.0688,0.025,2,2.009,
324,D3SF,D,3,SF,Pinvul,0.6,0.0507,0.0043,3,2.019,
325,D3SF,D,3,SF,Pinvul,0.5,0.065,0.0042,3,2.55,
326,D3SF,D,3,SF,Pinvul,0.8,0.0727,0.0076,3,,scan missing
327,D3SF,D,3,SF,Castet,0.4,0.0326,0.0165,15,1.079,
328,D3SF,D,3,SF,Equsci,1,0.0446,0.0198,6,2.018,
329,D3SF,D,3,SF,Equsci,2.4,0.0579,0.0217,5,1.762,
330,D3SF,D,3,SF,Equsci,3.1,0.0368,0.015,4,1.465,
331,D3C,D,3,C,Trices,8.9,0.0758,0.0269,4,3.553,
332,D3C,D,3,C,Trices,11.4,0.1077,0.0409,5,3.405,
333,D3C,D,3,C,Trices,14.3,0.1504,0.0586,5,4.42,
334,D3C,D,3,C,Carbig,5.7,0.0779,0.0265,3,5.586,
335,D3C,D,3,C,Carbig,7.1,0.0728,0.0288,3,5.908,
336,D3C,D,3,C,Carbig,7,0.0932,0.0265,2,3.883,initially 3
337,D3C,D,3,C,Cardio,3,0.0183,0.0059,4,0.89,
338,D3C,D,3,C,Cardio,5.5,0.033,0.0114,4,1.453,
339,D3C,D,3,C,Cardio,2.6,0.0202,0.0074,4,0.924,
340,D3C,D,3,C,Hupsel,5.5,0.012,0.0051,20,0.588,
341,D3C,D,3,C,Hupsel,4.6,0.013,0.0056,20,0.612,
342,D3C,D,3,C,Hupsel,4.8,0.0102,0.0042,20,0.572,
343,D3C,D,3,C,Baralp,7.4,0.1162,0.0393,5,4.424,
344,D3C,D,3,C,Baralp,4.6,0.0376,0.0121,5,2.58,
345,D3C,D,3,C,Baralp,9.3,0.0879,0.0272,4,4.515,
346,D3C,D,3,C,Tofpus,1.5,0.0253,0.0087,6,1.705,
347,D3C,D,3,C,Tofpus,1.7,0.0294,0.0094,6,1.896,
348,D3C,D,3,C,Tofpus,1.7,0.0316,0.0112,5,1.822,
349,D3C,D,3,C,Rubcha,2.6,0.0895,0.0319,1,3.749,
350,D3C,D,3,C,Rubcha,3.3,0.0961,0.0326,1,3.838,
351,D3C,D,3,C,Rubcha,2.1,0.0666,0.0218,1,2.908,
352,D3C,D,3,C,Andpol,4.9,0.0256,0.0108,6,0.806,
353,D3C,D,3,C,Andpol,5.1,0.1004,0.0408,6,2.655,
354,D3C,D,3,C,Andpol,6.2,0.0659,0.0312,6,1.647,
355,D3C,D,3,C,Bisviv,6.2,0.2306,0.0619,2,7.067,
356,D3C,D,3,C,Bisviv,5.1,0.1217,0.0273,2,4.926,
357,D3C,D,3,C,Bisviv,4.6,0.0918,0.0228,2,3.144,
358,D3C,D,3,C,Pinvul,0.4,0.0464,0.0039,3,1.118,
359,D3C,D,3,C,Pinvul,0.4,0.0562,0.0041,3,2.185,
360,D3C,D,3,C,Pinvul,0.5,0.0905,0.0081,3,2.32,
361,D4SF,D,4,SF,Carbig,5.8,0.1424,0.0499,3,6.8,
362,D4SF,D,4,SF,Carbig,7.4,0.1106,0.0414,3,6.206,
363,D4SF,D,4,SF,Carbig,5.8,0.0888,0.033,3,6.825,
364,D4SF,D,4,SF,Carvag,3.8,0.0537,0.0155,2,,
365,D4SF,D,4,SF,Carvag,5.1,0.0883,0.0364,2,3.913,
366,D4SF,D,4,SF,Carvag,8,0.1184,0.0421,3,5.715,
367,D4SF,D,4,SF,Cardio,7.4,0.0335,0.0142,3,1.986,
368,D4SF,D,4,SF,Cardio,5.6,0.0241,0.0087,3,0.892,
369,D4SF,D,4,SF,Cardio,9.1,0.0698,0.0265,4,2.234,
370,D4SF,D,4,SF,Rubcha,3.3,0.096,0.0321,1,4.982,
371,D4SF,D,4,SF,Rubcha,2.5,0.1676,0.0628,1,6.912,
372,D4SF,D,4,SF,Rubcha,4.4,0.3172,0.1169,2,10.914,
373,D4SF,D,4,SF,Sallap,25.5,0.628,0.2609,3,22.716,
374,D4SF,D,4,SF,Sallap,12.5,0.3117,0.1266,3,12.66,
375,D4SF,D,4,SF,Sallap,23,0.2998,0.1302,3,12.513,
376,D4SF,D,4,SF,Baralp,10.5,0.2229,0.0677,6,7.708,
377,D4SF,D,4,SF,Baralp,5.8,0.0743,0.0224,6,2.578,
378,D4SF,D,4,SF,Baralp,8.7,0.0769,0.023,5,3.222,
379,D4SF,D,4,SF,Bisviv,9.2,0.3921,0.0818,3,11.278,
380,D4SF,D,4,SF,Bisviv,6.4,0.0896,0.0221,1,3.468,
381,D4SF,D,4,SF,Bisviv,6,0.1215,0.0318,2,3.45,
382,D4SF,D,4,SF,Arcalp,3.2,0.0811,0.0295,3,4.001,
383,D4SF,D,4,SF,Arcalp,5,0.1276,0.0538,4,5.945,
384,D4SF,D,4,SF,Arcalp,2.8,0.088,0.0343,4,4.383,
385,D4SF,D,4,SF,Andpol,3,0.0294,0.012,6,0.832,
386,D4SF,D,4,SF,Andpol,3.7,0.0406,0.0124,5,1.182,
387,D4SF,D,4,SF,Andpol,5.1,0.0646,0.0252,6,1.598,
388,D4SF,D,4,SF,Trices,16,0.3233,0.1194,5,8.569,
389,D4SF,D,4,SF,Trices,19,0.1698,0.0634,6,6.26,
390,D4SF,D,4,SF,Trices,13.5,0.2139,0.0747,5,5.752,
391,D4SF,D,4,SF,Pinvul,0.6,0.0931,0.006,2,1.726,
392,D4SF,D,4,SF,Pinvul,0.5,0.2459,0.0216,3,6.156,
393,D4SF,D,4,SF,Pinvul,0.5,0.1352,0.011,3,4.744,
394,D4SF,D,4,SF,Tofpus,2.2,0.0437,0.0139,5,1.997,
395,D4SF,D,4,SF,Tofpus,1.8,0.0421,0.0119,6,1.654,
396,D4SF,D,4,SF,Tofpus,1.7,0.0302,0.0103,6,1.264,
397,D4SF,D,4,SF,Equsci,3.9,0.0741,0.0346,6,2.649,
398,D4SF,D,4,SF,Equsci,4.2,0.0386,0.0109,1,0.749,
399,D4SF,D,4,SF,Equsci,0.8,0.0259,0.0074,6,0.757,
400,D4C,D,4,C,Carbig,8.2,0.0552,0.0213,3,,
401,D4C,D,4,C,Carbig,7.1,0.1708,0.0655,3,10.488,
402,D4C,D,4,C,Carbig,4.8,0.1063,0.0404,3,7.117,
403,D4C,D,4,C,Cardio,6.3,0.0359,0.0158,4,1.941,
404,D4C,D,4,C,Cardio,5.7,0.0539,0.0207,6,2.701,
405,D4C,D,4,C,Cardio,4.6,0.0335,0.0131,3,1.573,
406,D4C,D,4,C,Carvag,9.5,0.1706,0.0668,3,8.123,
407,D4C,D,4,C,Carvag,9.8,0.0653,0.0246,2,4.999,
408,D4C,D,4,C,Carvag,7.5,0.0593,0.021,2,4.217,
409,D4C,D,4,C,Cardio,11,0.0472,0.0201,2,2.09,
410,D4C,D,4,C,Trices,12.6,0.2429,0.0958,5,7.857,
411,D4C,D,4,C,Trices,15.8,0.1999,0.0807,5,7.804,
412,D4C,D,4,C,Arcalp,3.5,0.1643,0.0728,4,7.21,
413,D4C,D,4,C,Arcalp,3,0.0555,0.0246,3,3.174,
414,D4C,D,4,C,Arcalp,2.4,0.0547,0.0244,3,2.967,
415,D4C,D,4,C,Andpol,2.1,0.0543,0.0232,7,1.897,
416,D4C,D,4,C,Andpol,2.1,0.0617,0.0293,7,2.162,
417,D4C,D,4,C,Andpol,4,0.0619,0.0289,7,3.972,
418,D4C,D,4,C,Bisviv,10.2,0.1617,0.0411,1,5.163,
419,D4C,D,4,C,Bisviv,11.4,0.2385,0.0615,1,6.608,
420,D4C,D,4,C,Bisviv,6.8,0.2469,0.055,2,8.388,
421,D4C,D,4,C,Rubcha,4.1,0.2345,0.0826,1,8.699,
422,D4C,D,4,C,Rubcha,3.2,0.2274,0.0828,1,7.949,
423,D4C,D,4,C,Rubcha,3.3,0.1544,0.0561,1,5.493,
424,D4C,D,4,C,Pinvul,0.8,0.1293,0.0073,3,4.367,
425,D4C,D,4,C,Pinvul,1.2,0.2356,0.0193,5,8.578,
426,D4C,D,4,C,Pinvul,0.8,0.2948,0.0196,4,13.636,
427,D4C,D,4,C,Sallap,13.8,0.2444,0.0957,3,11.951,
428,D4C,D,4,C,Sallap,14.4,0.3872,0.1641,3,15.251,
429,D4C,D,4,C,Sallap,20.2,0.3765,0.1435,3,15.033,
430,D4C,D,4,C,Rholap,2.1,0.0742,0.0297,6,2.951,
431,D4C,D,4,C,Rholap,5.8,0.0852,0.0356,5,2.827,
432,D4C,D,4,C,Rholap,3.8,0.1238,0.0545,7,4.147,
433,D4C,D,4,C,Tofpus,2,0.0415,0.0141,5,1.711,
434,D4C,D,4,C,Tofpus,2,0.0702,0.0242,7,1.956,
435,D4C,D,4,C,Tofpus,1.8,0.0813,0.0275,6,2.952,
436,D4C,D,4,C,Baralp,8.6,0.07,0.023,6,3.503,
437,D4C,D,4,C,Baralp,13.1,0.2103,0.0709,5,7.945,
438,D4C,D,4,C,Baralp,9.2,0.1631,0.0506,6,6.904,
439,D5SF,D,5,SF,Sallap,21.5,0.3969,0.1595,3,16.469,
440,D5SF,D,5,SF,Sallap,56,0.4099,0.159,3,14.396,
441,D5SF,D,5,SF,Sallap,48,1.202,0.4679,3,39.795,
442,D5SF,D,5,SF,Salarb,44,0.273,0.1094,3,11.498,
443,D5SF,D,5,SF,Salarb,26,0.2444,0.0994,3,11.475,
444,D5SF,D,5,SF,Salarb,28,0.4202,0.1861,4,18.335,
445,D5SF,D,5,SF,Bisviv,3.5,0.2582,0.0655,2,8.329,
446,D5SF,D,5,SF,Bisviv,9.2,0.5755,0.1394,3,14.351,
447,D5SF,D,5,SF,Bisviv,11.2,0.4931,0.1282,2,14.389,
448,D5SF,D,5,SF,Fesovi,6.8,0.0675,0.032,9,2.562,
449,D5SF,D,5,SF,Fesovi,14,0.1045,0.036,10,6.604,
450,D5SF,D,5,SF,Fesovi,14,0.0942,0.0311,11,3.92,
451,D5SF,D,5,SF,Carbig,6.8,0.1349,0.0543,3,5.862,
452,D5SF,D,5,SF,Carbig,5.7,0.1711,0.0647,3,7.621,
453,D5SF,D,5,SF,Carbig,7.9,0.0919,0.035,3,5.328,
454,D5SF,D,5,SF,Carvag,3.7,0.0736,0.0285,3,3.332,
455,D5SF,D,5,SF,Carvag,4.2,0.0899,0.0332,3,3.914,
456,D5SF,D,5,SF,Carvag,2.1,0.0807,0.0316,3,6.743,
457,D5SF,D,5,SF,Baralp,10.2,0.3122,0.0969,5,12.25,
458,D5SF,D,5,SF,Baralp,11.2,0.1982,0.0672,5,6.725,
459,D5SF,D,5,SF,Baralp,14.7,0.3038,0.0992,6,10.865,
460,D5SF,D,5,SF,Andpol,5.1,0.0493,0.0205,6,1.539,
461,D5SF,D,5,SF,Andpol,5.3,0.0361,0.0121,7,2.086,
462,D5SF,D,5,SF,Andpol,5.6,0.0549,0.0207,5,1.683,
463,D5SF,D,5,SF,Arcalp,5.6,0.5451,0.1762,4,20.651,
464,D5SF,D,5,SF,Arcalp,5.7,0.5099,0.1719,4,19.019,
465,D5SF,D,5,SF,Arcalp,4.7,0.2091,0.0865,5,8.842,
466,D5SF,D,5,SF,Vacvit,6.8,0.1681,0.0665,6,6.129,
467,D5SF,D,5,SF,Vacvit,4.7,0.1726,0.066,6,5.528,
468,D5SF,D,5,SF,Vacvit,2.2,0.1005,0.0416,7,4.001,
469,D5SF,D,5,SF,Astalp,2.9,0.0517,0.0132,1,2.889,
470,D5SF,D,5,SF,Astalp,3.9,0.0664,0.0157,2,4.109,
471,D5SF,D,5,SF,Astalp,5.4,0.0935,0.0219,1,4.849,
472,D5SF,D,5,SF,Eupfri,9.8,0.1049,0.0246,5,4.459,
473,D5SF,D,5,SF,Eupfri,9.8,0.0507,0.011,4,2.313,
474,D5SF,D,5,SF,Eupfri,9.3,0.0937,0.0224,5,4,
475,D5SF,D,5,SF,Hupsel,4.2,0.0261,0.0086,20,1.662,
476,D5SF,D,5,SF,Hupsel,6.1,0.0185,0.0056,20,0.943,
477,D5SF,D,5,SF,Hupsel,4.6,0.0167,0.0078,20,0.694,
478,D5SF,D,5,SF,Pyrsp,2.9,0.1732,0.0488,3,8.981,
479,D5SF,D,5,SF,Pyrsp,2.7,0.1944,0.0669,3,8.705,
480,D5SF,D,5,SF,Pyrsp,2,0.2242,0.0722,4,10.172,
481,D5SF,D,5,SF,Silaca,2.2,0.0626,0.013,15,1.484,
482,D5SF,D,5,SF,Silaca,2,0.0534,0.01,15,2.031,
483,D5SF,D,5,SF,Silaca,1.7,0.0357,0.0067,14,1.029,
484,D5SF,D,5,SF,Trices,7.5,0.0673,0.0283,6,2.726,
485,D5SF,D,5,SF,Trices,10.3,0.2146,0.0848,8,9.675,
486,D5SF,D,5,SF,Trices,12.8,0.149,0.0576,7,5.042,
487,D5C,D,5,C,Andpol,5,0.079,0.0309,9,2.165,
488,D5C,D,5,C,Andpol,5.1,0.078,0.0293,9,2.989,
489,D5C,D,5,C,Andpol,4.7,0.0423,0.0177,4,1.22,
490,D5C,D,5,C,Astalp,5.8,0.122,0.0262,2,7.221,
491,D5C,D,5,C,Astalp,7.1,0.077,0.0201,1,3.632,
492,D5C,D,5,C,Astalp,5.6,0.1808,0.0367,2,8.908,
493,D5C,D,5,C,Arcalp,5.5,0.3192,0.1247,3,12.193,
494,D5C,D,5,C,Arcalp,3.6,0.1549,0.0516,3,6.932,
495,D5C,D,5,C,Arcalp,5.1,0.2129,0.0858,4,8.787,
496,D5C,D,5,C,Baralp,10.5,0.1881,0.0619,6,6.236,
497,D5C,D,5,C,Baralp,9.1,0.1102,0.0362,7,3.761,
498,D5C,D,5,C,Baralp,5.6,0.0753,0.0238,5,3.028,
499,D5C,D,5,C,Bisviv,8,0.2945,0.076,2,8.187,
500,D5C,D,5,C,Bisviv,8.3,0.3556,0.0863,2,9.74,
501,D5C,D,5,C,Bisviv,8.6,0.3078,0.0745,2,9.338,
502,D5C,D,5,C,Carbig,7.1,0.1177,0.0381,3,7.597,
503,D5C,D,5,C,Carbig,11.8,0.212,0.0777,3,13.255,
504,D5C,D,5,C,Carbig,5.2,0.0792,0.0258,2,4.581,
505,D5C,D,5,C,Carcap,2.7,0.0625,0.0203,6,3.684,
506,D5C,D,5,C,Carcap,4,0.0984,0.0334,4,5.774,
507,D5C,D,5,C,Carcap,3.6,0.0627,0.0219,6,3.518,
508,D5C,D,5,C,Salret,4,0.2982,0.1098,3,10.093,
509,D5C,D,5,C,Salret,1.5,0.2482,0.0935,3,7.636,
510,D5C,D,5,C,Salret,3.3,0.1504,0.0506,2,4.968,
511,D5C,D,5,C,Equpra,5.8,0.1716,0.0459,1,5.587,
512,D5C,D,5,C,Equpra,9.6,0.3056,0.0816,1,8.474,
513,D5C,D,5,C,Equpra,6.2,0.1568,0.04,1,4.275,
514,D5C,D,5,C,Hupsel,2.6,0.0268,0.0082,20,1.226,
515,D5C,D,5,C,Hupsel,4.8,0.0273,0.0094,20,1.352,
516,D5C,D,5,C,Hupsel,4.9,0.0283,0.0097,20,1.247,
517,D5C,D,5,C,Equsci,3.1,0.0436,0.0172,2,0.994,
518,D5C,D,5,C,Equsci,2.1,0.0742,0.0229,7,2.221,
519,D5C,D,5,C,Equsci,0.8,0.0759,0.0286,8,2.445,
520,D5C,D,5,C,Sallap,58,0.5495,0.2318,3,20.757,
521,D5C,D,5,C,Sallap,55,0.3511,0.148,3,14.613,
522,D5C,D,5,C,Sallap,49,0.5857,0.2314,3,22.117,
523,D5C,D,5,C,Saualp,9.9,1.1107,0.2325,3,32.959,
524,D5C,D,5,C,Saualp,6.8,0.4591,0.0896,2,15.154,
525,D5C,D,5,C,Saualp,8.1,0.8204,0.1749,2,22.748,
526,D5C,D,5,C,Silaca,1.6,0.064,0.0142,10,1.476,
527,D5C,D,5,C,Silaca,0.7,0.0594,0.0097,10,1.318,
528,D5C,D,5,C,Silaca,1.1,0.081,0.0157,10,1.757,
529,D5C,D,5,C,Thaalp,5.1,0.096,0.0301,,4.675,
530,D5C,D,5,C,Thaalp,5.4,0.1026,0.0364,2,4.177,
531,D5C,D,5,C,Thaalp,4.3,0.0731,0.024,2,3.601,
532,D5C,D,5,C,Trices,13.2,0.1951,0.0773,8,5.89,
533,D5C,D,5,C,Trices,12.4,0.1409,0.0564,7,4.28,
534,D5C,D,5,C,Trices,9.4,0.1814,0.0762,10,5.37,
535,D2SF,D,2,SF,Andpol,3,0.0638,0.0261,8,1.883,initially 7
536,D2SF,D,2,SF,Andpol,2.1,0.0574,0.024,6,1.494,
537,D2SF,D,2,SF,Andpol,3.3,0.0672,0.0247,7,2.285,initially 6
538,D2SF,D,2,SF,Arcalp,2.2,0.0687,0.0255,3,2.937,
539,D2SF,D,2,SF,Arcalp,2.3,0.0501,0.0212,4,2.624,
540,D2SF,D,2,SF,Arcalp,3.6,0.0819,0.0369,3,3.907,
541,D2SF,D,2,SF,Baralp,7.6,0.0825,0.0252,6,3.775,
542,D2SF,D,2,SF,Baralp,6.4,0.1195,0.039,6,4.697,
543,D2SF,D,2,SF,Baralp,6.8,0.121,0.0407,7,4.65,
544,D2SF,D,2,SF,Bisviv,4.2,0.2089,0.0546,2,6.323,
545,D2SF,D,2,SF,Bisviv,5.9,0.1607,0.0368,2,5.274,
546,D2SF,D,2,SF,Bisviv,3.4,0.0377,0.0109,1,1.271,
547,D2SF,D,2,SF,Carbig,6.5,0.1188,0.0457,3,7.347,
548,D2SF,D,2,SF,Carbig,5.4,0.0767,0.0276,2,5.029,
549,D2SF,D,2,SF,Carbig,5,0.0951,0.0392,3,4.639,
550,D2SF,D,2,SF,Pinvul,0.4,0.2165,0.0189,4,5.311,
551,D2SF,D,2,SF,Pinvul,0.3,0.1587,0.011,3,3.551,
552,D2SF,D,2,SF,Pinvul,0.6,0.0798,0.0057,2,2.005,
553,D2SF,D,2,SF,Carcap,4.5,0.1065,0.0367,12,7.308,
554,D2SF,D,2,SF,Carcap,2.2,0.0511,0.0151,5,2.724,
555,D2SF,D,2,SF,Carcap,3.3,0.0482,0.0161,6,2.629,
556,D2SF,D,2,SF,Rholap,2.6,0.0789,0.0343,7,2.809,
557,D2SF,D,2,SF,Rholap,1.3,0.0335,0.0144,5,1.249,
558,D2SF,D,2,SF,Rholap,2.4,0.0296,0.0108,5,1.229,
559,D2SF,D,2,SF,Salarb,12.5,0.2679,0.1224,4,8.587,
560,D2SF,D,2,SF,Salarb,8.7,0.2031,0.0793,4,6.945,
561,D2SF,D,2,SF,Salarb,9.8,0.1465,0.0637,4,4.81,
562,D2SF,D,2,SF,Cardio,5.8,0.057,0.0216,4,2.274,
563,D2SF,D,2,SF,Cardio,4.4,0.0309,0.0117,2,1.188,
564,D2SF,D,2,SF,Cardio,5.7,0.0386,0.0148,5,1.711,
565,D2SF,D,2,SF,Tofpus,1.9,0.0679,0.0213,8,2.464,
566,D2SF,D,2,SF,Tofpus,2.6,0.0393,0.0125,7,1.24,
567,D2SF,D,2,SF,Tofpus,1.9,0.0252,0.0093,7,0.901,
568,D2SF,D,2,SF,Trices,12.9,0.3849,0.1458,10,9.89,
569,D2SF,D,2,SF,Trices,9.4,0.2643,0.102,10,7.227,
570,D2SF,D,2,SF,Trices,9.8,0.2097,0.0839,7,5.296,
571,D2SF,D,2,SF,Silaca,0.9,0.047,0.01,10,0.806,
572,D2SF,D,2,SF,Silaca,0.9,0.0613,0.0167,10,1.174,
573,D2SF,D,2,SF,Silaca,1.4,0.0558,0.0139,10,1.1,
574,D2SF,D,2,SF,Dryoct,3.8,0.1074,0.0425,5,4.005,
575,D2SF,D,2,SF,Dryoct,4.3,0.0777,0.0316,4,2.722,
576,D2SF,D,2,SF,Dryoct,4.7,0.1732,0.0674,3,5.717,initially 4
577,D2SF,D,2,SF,Carvag,8.7,0.0506,0.0192,2,2.897,
578,D2SF,D,2,SF,Carvag,6.3,0.0311,0.0117,2,1.62,
579,D2SF,D,2,SF,Carvag,5.6,0.056,0.0208,3,3.325,
580,D2SF,D,2,SF,Equsci,2.9,0.0634,0.0267,3,1.396,
581,D2SF,D,2,SF,Equsci,5.5,0.0671,0.0237,3,1.346,
582,D2SF,D,2,SF,Equsci,0.7,0.0273,0.0107,5,0.85,
583,D2SF,D,2,SF,Castet,5.4,0.0196,0.0085,15,0.689,
584,D2C,D,2,C,Andpol,2.8,0.0363,0.0162,4,1.007,
585,D2C,D,2,C,Andpol,2.3,0.0257,0.0107,4,0.743,
586,D2C,D,2,C,Andpol,3.6,0.0618,0.0272,7,1.868,
587,D2C,D,2,C,Baralp,4.1,0.0726,0.0258,6,2.856,
588,D2C,D,2,C,Baralp,4,0.0466,0.0154,6,2.321,
589,D2C,D,2,C,Baralp,3.1,0.0288,0.0083,6,1.543,
590,D2C,D,2,C,Bisviv,6.4,0.0884,0.0235,1,2.876,
591,D2C,D,2,C,Bisviv,6.1,0.0867,0.0239,1,2.261,
592,D2C,D,2,C,Bisviv,5.3,0.1828,0.0556,2,5.271,
593,D2C,D,2,C,Carbig,8,0.1324,0.0489,3,7.841,
594,D2C,D,2,C,Carbig,14.6,0.2866,0.1062,3,12.814,
595,D2C,D,2,C,Carbig,6.2,0.1114,0.0407,3,6.233,
596,D2C,D,2,C,Pinvul,0.4,0.0951,0.0071,2,2.325,
597,D2C,D,2,C,Pinvul,0.4,0.0893,0.0059,2,2.155,
598,D2C,D,2,C,Pinvul,0.6,0.0938,0.0068,2,2.546,
599,D2C,D,2,C,Rholap,1.8,0.0195,0.0077,4,0.813,
600,D2C,D,2,C,Rholap,3.2,0.0425,0.0161,4,1.636,
601,D2C,D,2,C,Rholap,3.8,0.0673,0.0264,5,2.437,
602,D2C,D,2,C,Tofpus,0.8,0.0412,0.0124,5,1.407,
603,D2C,D,2,C,Tofpus,1.2,0.0264,0.008,5,0.934,
604,D2C,D,2,C,Tofpus,0.9,0.0456,0.0143,8,1.632,
605,D2C,D,2,C,Trices,13.2,0.1617,0.0642,5,4.697,
606,D2C,D,2,C,Trices,11.9,0.2132,0.0844,7,5.923,
607,D2C,D,2,C,Trices,8.7,0.2331,0.0897,10,6.777,
608,D2C,D,2,C,Sallap,18,0.2418,0.101,3,10.065,
609,D2C,D,2,C,Sallap,14,0.2626,0.1096,3,10.705,
610,D2C,D,2,C,Sallap,13,0.294,0.1239,3,13.27,
611,D2C,D,2,C,Hupsel,2.6,0.013,0.005,20,0.691,
612,D2C,D,2,C,Hupsel,4.2,0.0124,0.0046,20,0.586,
613,D2C,D,2,C,Hupsel,3,0.0144,0.0047,20,0.75,
614,D2C,D,2,C,Dryoct,3.5,0.0544,0.0225,3,1.881,
615,D2C,D,2,C,Dryoct,3.2,0.0407,0.0161,3,1.48,
616,D2C,D,2,C,Dryoct,3.9,0.0539,0.0221,4,1.924,
617,D2C,D,2,C,Equsci,3.7,0.08,0.0321,5,1.893,
618,D2C,D,2,C,Equsci,4.6,0.0471,0.0163,2,1.09,
619,D2C,D,2,C,Equsci,3.6,0.1319,0.0496,5,3.087,
620,D1SF,D,1,SF,Andpol,2.6,0.039,0.0164,5,1.947,
621,D1SF,D,1,SF,Andpol,3,0.0482,0.0203,6,1.285,
622,D1SF,D,1,SF,Andpol,3.6,0.0528,0.0225,7,3.047,
623,D1SF,D,1,SF,Arcalp,3.8,0.1385,0.054,4,5.607,
624,D1SF,D,1,SF,Arcalp,5.7,0.1631,0.0695,4,5.859,
625,D1SF,D,1,SF,Arcalp,3.9,0.2385,0.1037,4,8.372,
626,D1SF,D,1,SF,Baralp,8,0.1007,0.0287,5,5.379,
627,D1SF,D,1,SF,Baralp,7.5,0.1051,0.0377,6,4.609,
628,D1SF,D,1,SF,Baralp,4.9,0.0936,0.0279,6,4.107,
629,D1SF,D,1,SF,Bisviv,5.1,0.0992,0.0261,2,2.498,
630,D1SF,D,1,SF,Bisviv,4.6,0.1384,0.0307,2,3.324,
631,D1SF,D,1,SF,Bisviv,10.3,0.1865,0.0466,2,5.748,
632,D1SF,D,1,SF,Carbig,11.4,0.1675,0.0481,4,6.644,
633,D1SF,D,1,SF,Carbig,8.8,0.0827,0.0402,3,5.906,
634,D1SF,D,1,SF,Carbig,5.5,0.0722,0.0251,3,4.091,
635,D1SF,D,1,SF,Equpra,17.4,0.3615,0.0963,1,11.987,
636,D1SF,D,1,SF,Equpra,13.1,0.344,0.0892,1,10.141,
637,D1SF,D,1,SF,Equpra,13.6,0.425,0.1171,1,14.709,
638,D1SF,D,1,SF,Tofpus,2.8,0.0448,0.0147,7,1.626,
639,D1SF,D,1,SF,Tofpus,2.1,0.0683,0.0227,9,2.999,
640,D1SF,D,1,SF,Tofpus,1.8,0.0536,0.0186,6,2.089,
641,D1SF,D,1,SF,Sallap,25,0.3066,0.1141,3,11.869,
642,D1SF,D,1,SF,Sallap,33.5,0.5455,0.2234,3,18.39,
643,D1SF,D,1,SF,Sallap,11.2,0.2563,0.0901,3,9.649,
644,D1SF,D,1,SF,Trices,10,0.1752,0.064,6,7.067,
645,D1SF,D,1,SF,Trices,10.7,0.2645,0.1022,7,10.159,
646,D1SF,D,1,SF,Trices,12,0.2618,0.1047,7,10.352,
647,D1SF,D,1,SF,Silaca,2.1,0.0461,0.0126,15,0.973,
648,D1SF,D,1,SF,Silaca,2.2,0.0572,0.0142,15,1.293,
649,D1SF,D,1,SF,Silaca,1.6,0.0548,0.0129,15,1.806,
650,D1SF,D,1,SF,Carvag,4.4,0.0759,0.0297,5,4.429,
651,D1SF,D,1,SF,Carvag,5.6,0.0427,0.0172,2,3.586,
652,D1SF,D,1,SF,Carvag,3.6,0.0339,0.0107,3,2.045,
653,D1SF,D,1,SF,Equsci,7.5,0.1189,0.0456,5,4.124,
654,D1SF,D,1,SF,Equsci,4.3,0.0758,0.0295,4,1.849,
655,D1SF,D,1,SF,Equsci,2.9,0.0411,0.0162,2,0.945,
656,D1C,D,1,C,Baralp,7.6,0.0647,0.0206,6,3.335,
657,D1C,D,1,C,Baralp,7.2,0.1023,0.0359,6,5.491,
658,D1C,D,1,C,Baralp,5,0.0434,0.0146,6,2.954,
659,D1C,D,1,C,Bisviv,4.6,0.1984,0.0538,2,6.992,
660,D1C,D,1,C,Bisviv,5.6,0.1453,0.0406,2,4.919,
661,D1C,D,1,C,Bisviv,8.2,0.1735,0.0509,2,6.025,
662,D1C,D,1,C,Carbig,6.2,0.0623,0.0252,3,3.389,
663,D1C,D,1,C,Carbig,6.7,0.0597,0.0251,3,4.685,
664,D1C,D,1,C,Carbig,6.5,0.1599,0.0658,2,7.879,
665,D1C,D,1,C,Sallap,12.2,0.5977,0.2353,3,25.22,
666,D1C,D,1,C,Sallap,23,0.412,0.1579,3,16.683,
667,D1C,D,1,C,Sallap,17,0.6485,0.2641,3,21.612,
668,D1C,D,1,C,Equpra,16,0.6009,0.1632,1,22.268,
669,D1C,D,1,C,Equpra,10.3,0.1532,0.0405,1,4.51,
670,D1C,D,1,C,Equpra,10.2,0.1299,0.0369,1,4.063,
671,D1C,D,1,C,Tofpus,2.9,0.0674,0.0216,6,2.989,
672,D1C,D,1,C,Tofpus,2.6,0.0413,0.0155,5,1.523,
673,D1C,D,1,C,Tofpus,2.7,0.0769,0.0243,6,3.196,
674,D1C,D,1,C,Trices,7,0.1006,0.0378,7,3.443,
675,D1C,D,1,C,Trices,9,0.09,0.0372,6,2.797,
676,D1C,D,1,C,Trices,6.8,0.0694,0.0271,6,3.704,
677,D1C,D,1,C,Andpol,4.5,0.0561,0.0266,6,1.532,
678,D1C,D,1,C,Andpol,4.5,0.0701,0.0326,6,1.772,
679,D1C,D,1,C,Andpol,2.6,0.0389,0.0193,6,1.709,initially 7
680,D1C,D,1,C,Cardio,6.2,0.0295,0.0148,4,1.487,
681,D1C,D,1,C,Cardio,6.2,0.017,0.0088,3,0.852,
682,D1C,D,1,C,Cardio,5.2,0.0223,0.0105,5,1.255,
683,D1C,D,1,C,Carvag,5.2,0.0252,0.0095,2,2.927,
684,D1C,D,1,C,Carvag,4.4,0.0347,0.0122,2,1.729,
685,D1C,D,1,C,Carvag,5.4,0.0758,0.0272,3,6.181,
686,D1C,D,1,C,Vacvit,4.6,0.0656,0.0294,4,2.287,
687,D1C,D,1,C,Vacvit,4.7,0.0419,0.0192,5,1.457,
688,D1C,D,1,C,Vacvit,2.6,0.0848,0.0393,5,3.376,
689,D1C,D,1,C,Hupsel,5.5,0.0142,0.0055,20,0.683,
690,D1C,D,1,C,Hupsel,4.4,0.0174,0.0074,20,1.318,
691,D1C,D,1,C,Hupsel,2.3,0.0129,0.0045,20,0.611,
692,D1SF,D,1,SF,Hupsel,4.6,0.0204,0.0066,20,0.858,
693,D1SF,D,1,SF,Hupsel,3.1,0.0131,0.0048,20,0.568,
694,D1SF,D,1,SF,Hupsel,3.6,0.016,0.0053,20,1.314,
