ID,plot,habitat,site,treatment,spec,species,genus,family,group,height,dweight,fweight,leafa,LDMC,SLA,wN,d15N,wC,d13C,CN_ratio
67,X2C,ridge,2,control,Empnig,Empetrum nigrum,Empetrum,Ericaceae,eS,2.325,0.03405,0.077175,3.05965339675,0.44123317925465844,91.08832478684106,0.79,-4.36,53.21,-28.91,67.35443038
68,X2C,ridge,2,control,Betnan,Betula nana,Betula,Betulaceae,dS,2.85,0.0258,0.0576,3.1536494995,0.4460564751703992,121.89201969066005,1.93,-2.17,49.49,-30.61,25.64248705
69,X2C,ridge,2,control,Vaculi,Vaccinium uliginosum,Vaccinium,Ericaceae,dS,1.925,0.0299,0.072275,3.12623019925,0.41765297199437557,105.26999130423722,1.51,-1.86,50.57,-29.65,33.49006623
70,X2SF,ridge,2,snowfence,Empnig,Empetrum nigrum,Empetrum,Ericaceae,eS,2.475,0.0327,0.064925,2.886996968,0.5039618511381971,88.78077583420273,0.61,-6.13,52.29,-28.89,85.72131148
71,X2SF,ridge,2,snowfence,Betnan,Betula nana,Betula,Betulaceae,dS,6.275,0.021625,0.0473,2.46052814325,0.4571493421330794,114.42523100300538,1.46,-4.24,49.39,-30.19,33.82876712
72,X2SF,ridge,2,snowfence,Vaculi,Vaccinium uliginosum,Vaccinium,Ericaceae,dS,1.9,0.0204,0.0502,2.26225354,0.40642039278770264,114.13454322480018,1.52,-2.76,48.78,-30.08,32.09210526
31,E1C,heath,1,control,Empnig,Empetrum nigrum,Empetrum,Ericaceae,eS,4.05,0.03465,0.07825,3.3389313867499997,0.4435962573281909,96.96137047547116,1.01,-8.55,53.47,-28.78,52.94059406
32,E1C,heath,1,control,Betnan,Betula nana,Betula,Betulaceae,dS,10.3,0.033375,0.080725,3.7758839,0.4141941574862491,113.50592691459167,1.94,-7,48.89,-29.1,25.20103093
33,E1C,heath,1,control,Vaculi,Vaccinium uliginosum,Vaccinium,Ericaceae,dS,8.15,0.021425,0.057525,2.59843125475,0.37182609813821343,122.86868885566243,1.89,-4.67,50.38,-29.69,26.65608466
34,E1SF,heath,1,snowfence,Vaculi,Vaccinium uliginosum,Vaccinium,Ericaceae,dS,6.825,0.023975,0.06275,2.8736768332500002,0.38549732498107303,119.98537325780117,1.72,-4.02,49.63,-29.69,28.85465116
35,E1SF,heath,1,snowfence,Empnig,Empetrum nigrum,Empetrum,Ericaceae,eS,6.15,0.0641,0.14165,5.37580021625,0.4574504563495009,84.31954656338188,0.86,-4.06,54.57,-27.53,63.45348837
36,E1SF,heath,1,snowfence,Betnan,Betula nana,Betula,Betulaceae,dS,23.125,0.037125,0.08835,4.10749630125,0.42124189818214103,111.1943139254291,1.84,-6.44,49.94,-29.98,27.14130435
64,X1SF,ridge,1,snowfence,Vaculi,Vaccinium uliginosum,Vaccinium,Ericaceae,dS,3.25,0.0182,0.04725,2.49625839475,0.3763483049278263,143.93260197187067,1.83,-1.72,50.25,-29.47,27.45901639
65,X1SF,ridge,1,snowfence,Empnig,Empetrum nigrum,Empetrum,Ericaceae,eS,5.025,0.042975,0.086225,3.3059208074999997,0.4955201739794393,77.18854044099206,0.72,-4.13,53.01,-27.67,73.625
66,X1SF,ridge,1,snowfence,Betnan,Betula nana,Betula,Betulaceae,dS,14.05,0.040625,0.0937,4.85840415425,0.4361162485655122,119.35835422925845,1.98,-2.46,50.03,-30.42,25.26767677
61,X1C,ridge,1,control,Vaculi,Vaccinium uliginosum,Vaccinium,Ericaceae,dS,2.775,0.02005,0.049525,2.40545664075,0.40454351844566644,120.86745310986271,1.79,-4.21,50.38,-30.24,28.1452514
62,X1C,ridge,1,control,Empnig,Empetrum nigrum,Empetrum,Ericaceae,eS,2.775,0.044325,0.094975,3.84306586225,0.4696284548011018,86.87504713657069,0.74,-5.63,51.34,-28.67,69.37837838
63,X1C,ridge,1,control,Betnan,Betula nana,Betula,Betulaceae,dS,8,0.02965,0.0695975,3.5018702545,0.4338178772924317,116.20733958321239,1.99,1.65,49.82,-30.23,25.03517588
37,E2SF,heath,2,snowfence,Vaculi,Vaccinium uliginosum,Vaccinium,Ericaceae,dS,9.1,0.0281,0.07845,3.13256986375,0.3613921353202249,110.44256022349319,1.88,-3.26,50.67,-30.35,26.95212766
38,E2SF,heath,2,snowfence,Empnig,Empetrum nigrum,Empetrum,Ericaceae,eS,7.9,0.04325,0.0989,4.17331600825,0.4351948746194808,97.96505853878969,0.96,-7.8,52.45,-27.82,54.63541667
39,E2SF,heath,2,snowfence,Betnan,Betula nana,Betula,Betulaceae,dS,15.275,0.035750000000000004,0.090375,4.33590084425,0.398086189152837,123.68178504559262,1.9,-2.65,50.55,-29.46,26.60526316
NA,E2C,heath,2,control,Vaculi,Vaccinium uliginosum,Vaccinium,Ericaceae,dS,6,0.02445,0.061625,3.13257873475,0.39702900007579134,127.23021865946198,NA,NA,NA,NA,NA
NA,E2C,heath,2,control,Betnan,Betula nana,Betula,Betulaceae,dS,12.25,0.0237,0.05265,2.65382969225,0.4505429688721095,112.8379732204429,NA,NA,NA,NA,NA
NA,E2C,heath,2,control,Empnig,Empetrum nigrum,Empetrum,Ericaceae,eS,8.975,0.044125,0.090575,3.42155670525,0.4876805754315827,78.11791599261042,NA,NA,NA,NA,NA
1,D1C,meadow,1,control,Vaculi,Vaccinium uliginosum,Vaccinium,Ericaceae,dS,5.325,0.036075,0.08775,3.44100102125,0.41518155031036197,96.34913887188246,1.7,-5.44,50.98,-29.41,29.98823529
2,D1C,meadow,1,control,Betnan,Betula nana,Betula,Betulaceae,dS,7.275,0.02245,0.05308,2.7694030095,0.4227803170367719,124.26217877941484,1.7,-6.17,51.5,-30.27,30.29411765
3,D1C,meadow,1,control,Empnig,Empetrum nigrum,Empetrum,Ericaceae,eS,5.225,0.0327,0.07465,3.2776816705,0.44150692790535995,99.91123450331085,0.91,-7.4,53.43,-28.75,58.71428571
4,D1SF,meadow,1,snowfence,Vaculi,Vaccinium uliginosum,Vaccinium,Ericaceae,dS,5.6499999999999995,0.0531,0.1288,5.70409697875,0.40960237256640897,108.93286302231529,1.9,-5.08,49.85,-29.55,26.23684211
5,D1SF,meadow,1,snowfence,Betnan,Betula nana,Betula,Betulaceae,dS,16.725,0.032225,0.075125,4.057227531,0.43599662407134304,125.24074744591935,1.86,-3.89,51.23,-30.95,27.54301075
6,D1SF,meadow,1,snowfence,Empnig,Empetrum nigrum,Empetrum,Ericaceae,eS,4.675,0.026575,0.0654,3.090553819,0.416106520133591,117.85536373056954,1.14,-5.84,53,-28.81,46.49122807
46,E3SF,heath,3,snowfence,Betnan,Betula nana,Betula,Betulaceae,dS,18.775000000000002,0.045200000000000004,0.109,5.041629433,0.4164973803662577,112.51046195134305,2.21,-2.84,51.57,-29.14,23.33484163
47,E3SF,heath,3,snowfence,Vaculi,Vaccinium uliginosum,Vaccinium,Ericaceae,dS,8.35,0.03025,0.076525,3.82337041775,0.3947277352948827,127.69731405611213,2.02,-4.43,51.01,-29.74,25.25247525
48,E3SF,heath,3,snowfence,Empnig,Empetrum nigrum,Empetrum,Ericaceae,eS,8.675,0.047825,0.1051,4.74180938725,0.4547234296722795,99.36431147853703,0.84,-6.53,52.37,-27.99,62.3452381
55,X5C,ridge,5,control,Betnan,Betula nana,Betula,Betulaceae,dS,1.5999999999999999,0.032775,0.0805,NA,0.4108792735552298,NA,1.91,-2.27,50.95,-29.81,26.67539267
56,X5C,ridge,5,control,Vaculi,Vaccinium uliginosum,Vaccinium,Ericaceae,dS,2.75,0.021075,0.052375,NA,0.40047931323204267,NA,1.59,-5.91,50.77,-30.47,31.93081761
57,X5C,ridge,5,control,Empnig,Empetrum nigrum,Empetrum,Ericaceae,eS,3.0999999999999996,0.057475,0.11795,4.77083255525,0.488084104384619,81.39916104639101,0.74,-6.57,53.06,-28.22,71.7027027
79,X4C,ridge,4,control,Vaculi,Vaccinium uliginosum,Vaccinium,Ericaceae,dS,1.7,0.013025,0.032075,1.61171274425,0.3952526270444968,133.79217757582884,1.39,-3.74,49.59,-29.75,35.67625899
80,X4C,ridge,4,control,Betnan,Betula nana,Betula,Betulaceae,dS,4.475,0.043475,0.09920000000000001,4.4532304485,0.4419209025288813,102.17638127294406,1.75,-2.36,49.44,-29.48,28.25142857
81,X4C,ridge,4,control,Empnig,Empetrum nigrum,Empetrum,Ericaceae,eS,2.65,0.02945,0.06105,2.5713972765,0.47516194218808866,88.486532250173,0.73,-5.67,52.56,-28.38,72
82,X4SF,ridge,4,snowfence,Betnan,Betula nana,Betula,Betulaceae,dS,5.65,0.0304,0.0732,3.76091554275,0.4143537608176994,125.62593303580685,1.95,-2.77,51.57,-29.6,26.44615385
83,X4SF,ridge,4,snowfence,Vaculi,Vaccinium uliginosum,Vaccinium,Ericaceae,dS,3.775,0.02595,0.06620000000000001,2.963779879,0.4011727060501318,115.09486158041402,1.65,-5.56,51.39,-30.64,31.14545455
84,X4SF,ridge,4,snowfence,Empnig,Empetrum nigrum,Empetrum,Ericaceae,eS,3.6,0.041675,0.086075,3.9367214817500003,0.4781990846516309,95.64919431502084,0.71,-6.29,52.86,-28.45,74.45070423
28,D5SF,meadow,5,snowfence,Betnan,Betula nana,Betula,Betulaceae,dS,17.025,0.051775,0.132875,6.43134471775,0.39108458490804465,124.09151733669789,2.66,-0.45,50.65,-28.93,19.04135338
29,D5SF,meadow,5,snowfence,Vaculi,Vaccinium uliginosum,Vaccinium,Ericaceae,dS,6.375,0.04875,0.12662500000000002,5.291776997,0.38031168102170815,114.61159691765755,2.13,-2.34,50.95,-29.63,23.92018779
30,D5SF,meadow,5,snowfence,Empnig,Empetrum nigrum,Empetrum,Ericaceae,eS,5.95,0.0518,0.14015,6.6262099735,0.37084894451780687,126.22033785920189,1.23,-2.36,53.33,-28.36,43.35772358
19,D4C,meadow,4,control,Betnan,Betula nana,Betula,Betulaceae,dS,10.025,0.026375,0.062225,3.29440212075,0.4223812361632177,126.0584452846407,1.88,-2.91,50.64,-30.35,26.93617021
20,D4C,meadow,4,control,Vaculi,Vaccinium uliginosum,Vaccinium,Ericaceae,dS,6.625,0.020475,0.05725,2.61540702725,0.35824343367532485,128.5298747995056,2,-5.35,51.23,-29.85,25.615
21,D4C,meadow,4,control,Empnig,Empetrum nigrum,Empetrum,Ericaceae,eS,4.7,0.02875,0.061649999999999996,2.67043836875,0.4682369741180383,95.36736387837564,0.8,-6.78,53.16,-28.97,66.45
16,D3SF,meadow,3,snowfence,Betnan,Betula nana,Betula,Betulaceae,dS,7.325,0.03065,0.0706,3.3906609605,0.43469390023751714,111.37508436516974,1.84,-3.12,49.66,-29.7,26.98913043
17,D3SF,meadow,3,snowfence,Vaculi,Vaccinium uliginosum,Vaccinium,Ericaceae,dS,4.325,0.032175,0.07642499999999999,3.39769497875,0.41932473452501684,105.9940094378941,1.78,-3.93,50.51,-29.39,28.37640449
18,D3SF,meadow,3,snowfence,Empnig,Empetrum nigrum,Empetrum,Ericaceae,eS,4.225,0.030750000000000003,0.0729,2.889281802,0.4207643013515253,97.27411941726497,0.98,-7.83,52.17,-28.61,53.23469388
7,D2C,meadow,2,control,Betnan,Betula nana,Betula,Betulaceae,dS,5.975,0.029825,0.065775,3.44560697975,0.4568572882182334,116.1132673905886,1.81,-4.01,51.01,-29.56,28.18232044
8,D2C,meadow,2,control,Vaculi,Vaccinium uliginosum,Vaccinium,Ericaceae,dS,6.8,0.02465,0.060675,3.1767588075,0.40328195122573146,129.5095910029591,1.94,-6,49.74,-30.46,25.63917526
9,D2C,meadow,2,control,Empnig,Empetrum nigrum,Empetrum,Ericaceae,eS,4.3,0.02975,0.059925,2.60493640325,0.4959472465346442,88.06638462055648,0.85,-4.74,53.64,-28.72,63.10588235
52,E4SF,heath,4,snowfence,Vaculi,Vaccinium uliginosum,Vaccinium,Ericaceae,dS,7.925000000000001,0.0443,0.116325,5.53847005225,0.38881472853402704,124.28604904507057,1.98,-4.94,50.43,-29.91,25.46969697
53,E4SF,heath,4,snowfence,Betnan,Betula nana,Betula,Betulaceae,dS,15.425,0.02975,0.075225,4.2932843165,0.39819284148843703,144.76231784104274,1.7,-6.15,48.92,-31.38,28.77647059
54,E4SF,heath,4,snowfence,Empnig,Empetrum nigrum,Empetrum,Ericaceae,eS,8.625,0.0315,0.0785,3.56257352,0.40418111088335884,116.94296625810873,1,-6.13,51.65,-28.12,51.65
49,E4C,heath,4,control,Vaculi,Vaccinium uliginosum,Vaccinium,Ericaceae,dS,7.475,0.0315,0.08265,4.04967399725,0.37296596488217887,148.85214648819073,1.57,-6.41,49.81,-30.32,31.72611465
50,E4C,heath,4,control,Betnan,Betula nana,Betula,Betulaceae,dS,11.799999999999999,0.037475,0.087225,4.429888237,0.42738218585853227,121.31248659523558,1.62,-8.72,49.93,-30.69,30.82098765
51,E4C,heath,4,control,Empnig,Empetrum nigrum,Empetrum,Ericaceae,eS,5.325,0.038775000000000004,0.086975,3.36630149325,0.44566708449024256,87.02430631864115,0.93,-6.91,52.43,-27.17,56.37634409
76,X3SF,ridge,3,snowfence,Vaculi,Vaccinium uliginosum,Vaccinium,Ericaceae,dS,2.375,0.02415,0.054325,3.01791493175,0.44554300673678204,125.56197423388147,1.13,-5.46,50.09,-31.03,44.32743363
77,X3SF,ridge,3,snowfence,Betnan,Betula nana,Betula,Betulaceae,dS,2.75,0.02865,0.065675,3.8185362337499997,0.4374866222588568,133.89370885863588,1.92,-3.49,50.73,-30.96,26.421875
78,X3SF,ridge,3,snowfence,Empnig,Empetrum nigrum,Empetrum,Ericaceae,eS,2.575,0.033675,0.0728,3.3341420415,0.4655734449407788,101.63234701884913,0.65,-7.31,51.89,-28.54,79.83076923
73,X3C,ridge,3,control,Vaculi,Vaccinium uliginosum,Vaccinium,Ericaceae,dS,1.375,0.013125000000000001,0.032225000000000004,1.637725273,0.4056940267335004,124.75492651977741,1.45,-5.3,49.56,-30.29,34.17931034
74,X3C,ridge,3,control,Betnan,Betula nana,Betula,Betulaceae,dS,4.233333333333333,0.0451,0.09866666666666667,5.531709581666666,0.45651387625930007,122.79756138283389,1.95,-3.39,50.72,-30.43,26.01025641
75,X3C,ridge,3,control,Empnig,Empetrum nigrum,Empetrum,Ericaceae,eS,1.8,0.041725,0.08802499999999999,3.9692709325,0.47170724604199565,99.54657324393496,0.73,-6.56,51.64,-28.79,70.73972603
58,E5SF,heath,5,snowfence,Vaculi,Vaccinium uliginosum,Vaccinium,Ericaceae,dS,5.575,0.034925,0.09525,NA,0.36769077195139344,NA,1.88,-5.48,49.18,-30.1,26.15957447
59,E5SF,heath,5,snowfence,Betnan,Betula nana,Betula,Betulaceae,dS,12.9,0.044025,0.108375,6.32724541,0.42184674904277664,139.52570019940097,1.91,-6.63,48.82,-31.7,25.56020942
60,E5SF,heath,5,snowfence,Empnig,Empetrum nigrum,Empetrum,Ericaceae,eS,8.425,0.06085,0.132425,5.66708560125,0.4602042292954263,92.81384200600853,0.9,-6.9,51.75,-26.79,57.5
85,E5C,heath,5,control,Vaculi,Vaccinium uliginosum,Vaccinium,Ericaceae,dS,4.5249999999999995,0.014175,0.036975,1.7659596937500002,0.3769105145401875,131.6042887197871,1.68,-7.05,50.45,-30.01,30.0297619
86,E5C,heath,5,control,Betnan,Betula nana,Betula,Betulaceae,dS,9.075000000000001,0.041,0.09922500000000001,4.5710705352500005,0.41397014071684424,112.65448219266112,1.69,-2.28,50.06,-29.16,29.62130178
87,E5C,heath,5,control,Empnig,Empetrum nigrum,Empetrum,Ericaceae,eS,4.45,0.045175,0.09185,3.69319148475,0.4921649443092839,81.8735301484372,0.65,-9.16,52.17,-27.77,80.26153846
25,D5C,meadow,5,control,Vaculi,Vaccinium uliginosum,Vaccinium,Ericaceae,dS,5.225,0.02575,0.0672,3.37213470725,0.3769620401454244,138.87478919144604,2.09,-2.71,51.33,-29.98,24.55980861
26,D5C,meadow,5,control,Betnan,Betula nana,Betula,Betulaceae,dS,20.1,0.0369,0.084175,4.20785900375,0.44289715013673087,113.12752761288826,2.02,-2.54,51.26,-29.83,25.37623762
27,D5C,meadow,5,control,Empnig,Empetrum nigrum,Empetrum,Ericaceae,eS,7.225,0.0538,0.11345,4.75657209975,0.4741893778585915,88.10654134750622,0.92,-4.8,54.26,-28.46,58.97826087
22,D4SF,meadow,4,snowfence,Vaculi,Vaccinium uliginosum,Vaccinium,Ericaceae,dS,5.875,0.0294,0.094775,4.59010727125,0.30961352737077735,156.88287065088537,2.4,-6.3,49.18,-30.33,20.49166667
23,D4SF,meadow,4,snowfence,Betnan,Betula nana,Betula,Betulaceae,dS,5.55,0.041575,0.113275,4.79072074075,0.3792938173813568,123.97101351560211,2.52,-3.84,49.56,-30.5,19.66666667
24,D4SF,meadow,4,snowfence,Empnig,Empetrum nigrum,Empetrum,Ericaceae,eS,4.875,0.0377,0.0924,3.8794635315,0.40372317709686595,104.88768051865257,1.21,-7.58,51.59,-27.77,42.63636364
13,D3C,meadow,3,control,Vaculi,Vaccinium uliginosum,Vaccinium,Ericaceae,dS,3.625,0.022425,0.05935,2.8516518775,0.36215907186288837,132.66147097384845,1.73,-6.44,49.88,-29.96,28.83236994
14,D3C,meadow,3,control,Betnan,Betula nana,Betula,Betulaceae,dS,8.325,0.020675,0.047,2.78130282425,0.43985984187706073,135.09365075352628,1.81,-4.68,51.04,-30.79,28.19889503
15,D3C,meadow,3,control,Empnig,Empetrum nigrum,Empetrum,Ericaceae,eS,5.35,0.03185,0.07350000000000001,2.9291563995,0.43440518533770645,92.24556641817175,0.88,-8.85,53.33,-27.5,60.60227273
10,D2SF,meadow,2,snowfence,Vaculi,Vaccinium uliginosum,Vaccinium,Ericaceae,dS,3.375,0.0319,0.0754,3.5107813657499998,0.4277013784933673,113.18726743075439,1.93,-4.41,51.65,-29.72,26.76165803
11,D2SF,meadow,2,snowfence,Betnan,Betula nana,Betula,Betulaceae,dS,5.075,0.027549999999999998,0.0634,3.5436577515,0.44058922978939014,127.92858186246428,1.82,-5.05,48.72,-30.33,26.76923077
12,D2SF,meadow,2,snowfence,Empnig,Empetrum nigrum,Empetrum,Ericaceae,eS,4.3,0.02515,0.05805,2.50443515225,0.43549402820279454,98.40693034063646,1.04,-5.75,53.78,-27.58,51.71153846
43,E3C,heath,3,control,Vaculi,Vaccinium uliginosum,Vaccinium,Ericaceae,dS,6.775,0.0238,0.060075,3.1069473345,0.40004635408723355,128.87567417008103,1.7,-4.83,49.52,-30.47,29.12941176
44,E3C,heath,3,control,Betnan,Betula nana,Betula,Betulaceae,dS,16.3,0.037375,0.0837,4.25452987825,0.4464587917627867,119.76856867629479,1.53,-1.79,47.71,-30.36,31.18300654
45,E3C,heath,3,control,Empnig,Empetrum nigrum,Empetrum,Ericaceae,eS,7.4,0.027875,0.059475,2.42737853225,0.4616905504156711,88.99975543118454,0.84,-7.45,53.89,-27.43,64.1547619
88,X5SF,ridge,5,snowfence,Vaculi,Vaccinium uliginosum,Vaccinium,Ericaceae,dS,2.7,0.028900000000000002,0.066125,3.2825247255,0.4346324034166382,114.32916213470155,1.35,-6.01,51.02,-30.43,37.79259259
89,X5SF,ridge,5,snowfence,Betnan,Betula nana,Betula,Betulaceae,dS,4.325,0.0246,0.05325,2.8560650945,0.4637786369020871,115.54769936381808,1.51,-5.79,50.53,-29.5,33.46357616
90,X5SF,ridge,5,snowfence,Empnig,Empetrum nigrum,Empetrum,Ericaceae,eS,2.2,0.02455,0.048175,1.9726797645,0.517134682416591,80.48826141609636,0.59,-7.18,51.85,-28.67,87.88135593
222,X4C,ridge,4,control,Dryoct,Dryas octopetala,Dryas,Rosaceae,dS,2.7,0.0211,0.059,2.547,0.3576271186440678,120.71090047393365,1.75,-3.23,50.66,-30.51,28.94857143
93,X4C,ridge,4,control,Loipro,Loiseleuria procumbens,Loiseleuria,Ericaceae,eS,0.8666666666666667,0.026266666666666667,0.05233333333333333,NA,0.4992951090841048,NA,0.61,-7.05,54.66,-30.32,89.60655738
154,X4C,ridge,4,control,Arcalp,Arctostaphylos alpinus,Arctostaphylos,Ericaceae,dS,1.8,0.04506666666666667,0.11583333333333333,NA,0.38657407303531716,NA,1.31,-1.94,49.45,-29.89,37.7480916
252,X4C,ridge,4,control,Astalp,Astragalus alpinus,Astragalus,Fabaceae,F,3.033333333333333,0.034999999999999996,0.1536,NA,0.2346094101105712,NA,4.93,-0.99,47.1,-29.5,9.553752535
292,X4C,ridge,4,control,Pedlap,Pedicularis lapponicum,Pedicularis,Orobanchaceae,F,3.1666666666666665,0.033433333333333336,0.1236,4.115,0.27422852233209305,122.75446685320524,1.18,-4,46.31,-28.61,39.24576271
153,X4SF,ridge,4,snowfence,Arcalp,Arctostaphylos alpinus,Arctostaphylos,Ericaceae,dS,3.2,0.061066666666666665,0.14973333333333333,6.0423333333333336,0.4019923752112019,103.08907165988516,1.17,-0.9,48.86,-30.88,41.76068376
NA,X4SF,ridge,4,snowfence,Dialap,Diapensia lapponica,Diapensia,Diapensiaceae,eS,1.5,0.0239,0.0538,0.899,0.4442379182156134,37.61506276150627,NA,NA,NA,NA,NA
267,X4SF,ridge,4,snowfence,Juntri,Juncus trifidus,Juncus,Juncaceae,G,6.9,0.017233333333333333,0.048466666666666665,1.883,0.3559595279254125,109.53428014480646,1.51,3.17,47.12,-28.69,31.20529801
92,X4SF,ridge,4,snowfence,Loipro,Loiseleuria procumbens,Loiseleuria,Ericaceae,eS,0.9666666666666667,0.02213333333333333,0.0387,0.9556666666666667,0.566040769938174,44.86273192257547,0.64,-6.16,53.9,-29.17,84.21875
266,X3SF,ridge,3,snowfence,Juntri,Juncus trifidus,Juncus,Juncaceae,G,7.566666666666666,0.0387,0.11736666666666666,3.369333333333333,0.32966179868084977,87.14855197613818,1.59,0.4,48.01,-27.66,30.19496855
94,X3SF,ridge,3,snowfence,Loipro,Loiseleuria procumbens,Loiseleuria,Ericaceae,eS,0.9666666666666667,0.023533333333333333,0.047966666666666664,1.1326666666666667,0.4906463866603915,48.10359549732023,0.68,-6.87,54.79,-29.63,80.57352941
152,E5C,heath,5,control,Arcalp,Arctostaphylos alpinus,Arctostaphylos,Ericaceae,dS,3.2666666666666666,0.04676666666666667,0.1144,4.430666666666667,0.4079825161348944,94.70610077534084,1.14,-2.1,47.93,-30.24,42.04385965
166,E5C,heath,5,control,Callap,Calamagrostis lapponicum,Calamagrostis,Poaceae,G,18.5,0.042133333333333335,0.1033,6.282,0.407985210679185,144.03961038961037,1.35,0.64,44.15,-25.21,32.7037037
182,E5C,heath,5,control,Vacvit,Vaccinium vitis-idaea,Vaccinium,Ericaceae,eS,2.5,0.026666666666666665,0.0535,1.656,0.4880494422755549,67.16715479469568,0.74,-7.63,50.97,-30.81,68.87837838
291,E5SF,heath,5,snowfence,Andpol,Andromeda polifolia,Andromeda,Ericaceae,dS,3.5,0.009333333333333334,0.03593333333333333,1.279,0.24377423521390715,156.4573970959483,2.1,-5.09,50.55,-29.73,24.07142857
167,E5SF,heath,5,snowfence,Callap,Calamagrostis lapponicum,Calamagrostis,Poaceae,G,20.03333333333333,0.056966666666666665,0.15043333333333334,9.744666666666667,0.38041644453252277,168.98981855644098,1.37,-0.3,43.98,-27.42,32.10218978
105,E5SF,heath,5,snowfence,Carbig,Carex bigelowii,Carex,Cyperaceae,G,9.4,0.050866666666666664,0.1375,6.968666666666667,0.36700339496952455,140.23391825184578,2.35,1.23,46.03,-25.83,19.58723404
272,E5SF,heath,5,snowfence,Equpra,Equisetum pratense,Equisetum,Equisetaceae,F,6.666666666666667,0.08156666666666666,0.3704,9.843,0.22056443592156683,122.59471734946895,2.4,1.64,40.8,-25.72,17
NA,E5SF,heath,5,snowfence,Equsci,Equisetum scirpoides,Equisetum,Equisetaceae,F,2.6333333333333333,0.038,0.08566666666666667,2.7866666666666666,0.4261008101274704,76.63328794954238,NA,NA,NA,NA,NA
295,E5SF,heath,5,snowfence,Rubcha,Rubus chamaemorus,Rubus,Rosaceae,F,3.8,0.0645,0.19240000000000002,7.661666666666666,0.33245659674517214,121.67724678315918,1.76,-0.14,47.59,-30.02,27.03977273
199,E5SF,heath,5,snowfence,Sallap,Salix lapponum,Salix,Salicaceae,dS,39.56666666666667,0.2293,0.5982000000000001,22.303333333333335,0.38778369087524966,97.47955182282254,2.13,-1.56,49.92,-29.94,23.43661972
181,E5SF,heath,5,snowfence,Vacvit,Vaccinium vitis-idaea,Vaccinium,Ericaceae,eS,3.2,0.0245,0.0748,2.6286666666666667,0.31266659338059755,120.18886936423505,1.3,-9.2,50.66,-29.22,38.96923077
NA,E5SF,heath,5,snowfence,Pedlap,Pedicularis lapponicum,Pedicularis,Orobanchaceae,F,3.4499999999999997,0.0175,0.06915,2.958,0.257169166008945,171.16666666666666,NA,NA,NA,NA,NA
151,E4SF,heath,4,snowfence,Arcalp,Arctostaphylos alpinus,Arctostaphylos,Ericaceae,dS,5.333333333333333,0.054599999999999996,0.14683333333333332,6.666666666666667,0.36251838274729586,131.1285102525135,1.55,-0.75,49.57,-30.05,31.98064516
164,E4SF,heath,4,snowfence,Bisviv,Bistorta vivipara,Bistorta,Polygonaceae,F,9.533333333333333,0.0808,0.3328,9.948333333333334,0.24404160428530167,125.02175921240186,2.14,-3.17,46.93,-28.58,21.92990654
257,E4SF,heath,4,snowfence,Fesovi,Festuca ovina,Festuca,Poaceae,G,9.233333333333334,0.024433333333333335,0.0575,2.405,0.42669626811417927,95.89600716239696,0.93,-2.47,44.26,-30.23,47.59139785
198,E4SF,heath,4,snowfence,Sallap,Salix lapponum,Salix,Salicaceae,dS,40.666666666666664,0.14793333333333333,0.3795,13.799,0.38955282318125195,94.12700863562273,2.14,-1.4,49.68,-29.23,23.21495327
293,E4SF,heath,4,snowfence,Callap,Calamagrostis lapponicum,Calamagrostis,Poaceae,G,18.566666666666666,0.044,0.11296666666666667,6.681333333333333,0.395867492512424,144.0834491533189,1.64,-1.15,41.22,-27.37,25.13414634
288,E4SF,heath,4,snowfence,Equpra,Equisetum pratense,Equisetum,Equisetaceae,F,11.1,0.07103333333333334,0.25426666666666664,7.765666666666667,0.2793690769240885,109.52305443962128,1.55,3.05,40.36,-28.58,26.03870968
106,E4SF,heath,4,snowfence,Carbig,Carex bigelowii,Carex,Cyperaceae,G,14.833333333333334,0.07473333333333333,0.20363333333333333,10.591666666666667,0.36367386528968165,149.22404330697958,2.41,0.54,45.91,-25.72,19.04979253
289,E4SF,heath,4,snowfence,Pedlap,Pedicularis lapponicum,Pedicularis,Orobanchaceae,F,4.7,0.022533333333333332,0.0898,3.650333333333333,0.2504284996508392,162.9802935284383,1.3,-5.18,48.45,-28.2,37.26923077
223,E4SF,heath,4,snowfence,Dryoct,Dryas octopetala,Dryas,Rosaceae,dS,4.2,0.0183,0.0507,2.434,0.3609467455621302,133.00546448087434,1.67,-2.99,50.88,-30.33,30.46706587
95,X5C,ridge,5,control,Loipro,Loiseleuria procumbens,Loiseleuria,Ericaceae,eS,0.9333333333333333,0.026366666666666667,0.05053333333333333,1.141,0.5202236809225161,43.273569871408895,0.64,-4.45,52.96,-29.75,82.75
224,X5C,ridge,5,control,Dryoct,Dryas octopetala,Dryas,Rosaceae,dS,2.566666666666667,0.0297,0.07383333333333333,2.4736666666666665,0.402768123669256,83.8290960934348,1.48,-7.99,49.68,-30.07,33.56756757
NA,X5C,ridge,5,control,Dialap,Diapensia lapponica,Diapensia,Diapensiaceae,eS,1.8666666666666667,0.016933333333333335,0.040433333333333335,0.7466666666666667,0.4244888986276762,47.54943690128875,NA,NA,NA,NA,NA
210,X5C,ridge,5,control,Rholap,Rhododendron lapponicum,Rhododendron,Ericaceae,dS,1.4666666666666666,0.0194,0.05283333333333333,1.7386666666666666,0.3768329825642079,89.12354507262661,1.66,-6.05,52.63,-28.22,31.70481928
225,X5SF,ridge,5,snowfence,Dryoct,Dryas octopetala,Dryas,Rosaceae,dS,2.3,0.018033333333333332,0.0451,NA,0.40271195405182103,NA,1.04,-8.69,49.1,-29.34,47.21153846
96,X5SF,ridge,5,snowfence,Loipro,Loiseleuria procumbens,Loiseleuria,Ericaceae,eS,1.4333333333333333,0.024966666666666668,0.04476666666666666,NA,0.564766515765979,NA,0.57,-7.82,53.87,-29.54,94.50877193
NA,X5SF,ridge,5,snowfence,Juntri,Juncus trifidus,Juncus,Juncaceae,G,4.6,0.0108,0.0284,1.04,0.38028169014084506,96.29629629629629,NA,NA,NA,NA,NA
122,E4C,heath,4,control,Andpol,Andromeda polifolia,Andromeda,Ericaceae,dS,4.433333333333334,0.0272,0.07623333333333333,2.0020000000000002,0.3577531711296986,78.41306623767939,1.61,-7.66,52.04,-29.62,32.32298137
298,X5SF,ridge,5,snowfence,Dialap,Diapensia lapponica,Diapensia,Diapensiaceae,eS,0.7666666666666667,0.0225,0.047766666666666666,0.851,0.47104898676644846,38.37815379527519,0.72,-4.78,47.55,-28.24,66.04166667
211,X5SF,ridge,5,snowfence,Rholap,Rhododendron lapponicum,Rhododendron,Ericaceae,dS,1.2999999999999998,0.0104,0.02525,0.8735,0.41181458451102315,84.3462962962963,NA,NA,NA,NA,NA
150,E4C,heath,4,control,Arcalp,Arctostaphylos alpinus,Arctostaphylos,Ericaceae,dS,4.733333333333333,0.0445,0.13643333333333335,5.288666666666667,0.32366548906860865,122.83826018936873,1.71,-2.15,48.8,-30.39,28.5380117
251,E4C,heath,4,control,Astalp,Astragalus alpinus,Astragalus,Fabaceae,F,5.8999999999999995,0.0248,0.12173333333333333,6.5409999999999995,0.20933231956729437,263.1035857955334,4.46,-1.06,45.64,-29.02,10.23318386
163,E4C,heath,4,control,Bisviv,Bistorta vivipara,Bistorta,Polygonaceae,F,8.066666666666666,0.05556666666666667,0.24806666666666666,6.805,0.23544226991235187,124.87162556953058,2.27,-4.6,47.14,-28.07,20.76651982
171,E4C,heath,4,control,Callap,Calamagrostis lapponicum,Calamagrostis,Poaceae,G,16.1,0.0276,0.07436666666666666,4.452,0.3678722813864253,162.14871276920326,1.32,1.1,41.83,-27.94,31.68939394
107,E4C,heath,4,control,Carbig,Carex bigelowii,Carex,Cyperaceae,G,10.066666666666666,0.042366666666666664,0.12646666666666667,7.027,0.3347906631800328,166.13438652196575,2.62,1.56,46.08,-26.65,17.58778626
243,E4C,heath,4,control,Equsci,Equisetum scirpoides,Equisetum,Equisetaceae,F,5.433333333333334,0.031233333333333335,0.08846666666666667,2.723,0.3698096115708217,87.02394861689342,1.08,1.63,38.36,-29.31,35.51851852
296,E4C,heath,4,control,Pedlap,Pedicularis lapponicum,Pedicularis,Orobanchaceae,F,5.866666666666666,0.032766666666666666,0.12433333333333334,4.776666666666666,0.26319763316275463,146.30643857254452,1.44,-6.88,46.86,-29.66,32.54166667
271,E3C,heath,3,control,Equpra,Equisetum pratense,Equisetum,Equisetaceae,F,12.866666666666667,0.08863333333333333,0.32966666666666666,11.234333333333332,0.26754201117117504,126.36565284173007,1.69,2.93,35.88,-28.12,21.23076923
172,E3C,heath,3,control,Callap,Calamagrostis lapponicum,Calamagrostis,Poaceae,G,15.333333333333334,0.023,0.05623333333333334,3.227,0.40424496134752425,150.15142398716407,1.1,1.35,43.51,-26.63,39.55454545
180,E3C,heath,3,control,Vacvit,Vaccinium vitis-idaea,Vaccinium,Ericaceae,eS,8.333333333333332,0.057499999999999996,0.13226666666666667,3.6736666666666666,0.43326480059449185,66.73710317460318,0.87,-7.63,49.62,-29.98,57.03448276
123,E3C,heath,3,control,Andpol,Andromeda polifolia,Andromeda,Ericaceae,dS,5.233333333333333,0.021,0.05009,1.4496666666666667,0.421821231202759,68.34720304612331,1.06,-10.16,51.65,-29.6,48.72641509
197,E3C,heath,3,control,Sallap,Salix lapponum,Salix,Salicaceae,dS,29.333333333333332,0.23563333333333333,0.6135666666666666,21.37066666666667,0.38914411139859245,88.71116621759847,2.16,-1.21,50.06,-27.76,23.17592593
242,E3C,heath,3,control,Equsci,Equisetum scirpoides,Equisetum,Equisetaceae,F,7.7,0.039433333333333334,0.1018,2.720666666666667,0.3871822044387594,69.13630159852323,0.74,2.7,38.08,-28.35,51.45945946
168,E3SF,heath,3,snowfence,Callap,Calamagrostis lapponicum,Calamagrostis,Poaceae,G,20.066666666666666,0.04643333333333333,0.1183,6.548666666666667,0.39259033506465174,140.08838783689905,1.07,0.78,44.02,-27.16,41.14018692
108,E3SF,heath,3,snowfence,Carbig,Carex bigelowii,Carex,Cyperaceae,G,9.033333333333333,0.0388,0.11366666666666667,6.028666666666667,0.3372865995318692,159.56284050525602,1.72,2.32,45.51,-27.45,26.45930233
149,E3SF,heath,3,snowfence,Arcalp,Arctostaphylos alpinus,Arctostaphylos,Ericaceae,dS,5.133333333333333,0.06276666666666667,0.16696666666666668,7.313666666666666,0.3719162717728801,122.35924560321705,1.18,-3.33,48.39,-30.71,41.00847458
179,E3SF,heath,3,snowfence,Vacvit,Vaccinium vitis-idaea,Vaccinium,Ericaceae,eS,4.733333333333333,0.0275,0.07200000000000001,2.5053333333333336,0.38211261941968755,91.16527351322019,0.95,-6.41,50.54,-30.42,53.2
148,E2C,heath,2,control,Arcalp,Arctostaphylos alpinus,Arctostaphylos,Ericaceae,dS,3.966666666666667,0.04613333333333333,0.1226,5.291666666666667,0.3749316910125869,116.50255808510114,1.26,-4.88,49.23,-30.85,39.07142857
297,E2C,heath,2,control,Rubcha,Rubus chamaemorus,Rubus,Rosaceae,F,3.1333333333333333,0.04293333333333334,0.13156666666666667,5.107666666666667,0.3279888450411466,122.65551215588951,1.74,-0.7,46.65,-29.1,26.81034483
169,E2C,heath,2,control,Callap,Calamagrostis lapponicum,Calamagrostis,Poaceae,G,21.8,0.053066666666666665,0.1291,6.539,0.40070248294715227,125.3517055358818,1.26,-0.5,44.04,-25.81,34.95238095
178,E2C,heath,2,control,Vacvit,Vaccinium vitis-idaea,Vaccinium,Ericaceae,eS,4.6,0.03886666666666667,0.08303333333333333,2.5583333333333336,0.46965431940801405,65.69846999641206,0.84,-12.31,50.87,-30.6,60.55952381
196,E2C,heath,2,control,Sallap,Salix lapponum,Salix,Salicaceae,dS,19.866666666666667,0.14876666666666666,0.3783666666666667,14.03,0.3953182645855453,93.65340180223437,1.39,-2.35,48.92,-28.79,35.1942446
NA,E2C,heath,2,control,Linbor,Linnaea borealis,Linnaea,Caprifoliaceae,F,1.2333333333333334,0.0157,0.044366666666666665,2.2676666666666665,0.35386511673834065,144.43050824818005,NA,NA,NA,NA,NA
270,E2C,heath,2,control,Equpra,Equisetum pratense,Equisetum,Equisetaceae,F,12.633333333333333,0.06876666666666667,0.2531,7.677666666666667,0.27056534008026417,112.3889655236836,1.8,0.65,39.22,-27.52,21.78888889
109,E2C,heath,2,control,Carbig,Carex bigelowii,Carex,Cyperaceae,G,9.2,0.040266666666666666,0.11243333333333333,5.912333333333334,0.36254432695657035,148.01215565256663,2.08,0.78,45.89,-28.2,22.0625
170,E2SF,heath,2,snowfence,Callap,Calamagrostis lapponicum,Calamagrostis,Poaceae,G,17.7,0.03973333333333333,0.10576666666666668,5.812666666666667,0.37197090244361597,150.33440813563672,0.9,0.16,44.15,-27.92,49.05555556
183,E2SF,heath,2,snowfence,Vacvit,Vaccinium vitis-idaea,Vaccinium,Ericaceae,eS,4.5,0.05753333333333333,0.12553333333333333,3.681,0.44898885838303476,67.82482934451198,0.9,-8.28,50.16,-29.56,55.73333333
147,E2SF,heath,2,snowfence,Arcalp,Arctostaphylos alpinus,Arctostaphylos,Ericaceae,dS,4.033333333333333,0.048933333333333336,0.1189,5.099666666666667,0.4119007353392714,104.04108648597925,1.12,-2.81,48.7,-30.04,43.48214286
195,E2SF,heath,2,snowfence,Sallap,Salix lapponum,Salix,Salicaceae,dS,23.533333333333335,0.1412,0.3647,15.017333333333333,0.3873120978701707,106.72029892656919,1.7,-1.77,48.78,-29.63,28.69411765
227,X2SF,ridge,2,snowfence,Dryoct,Dryas octopetala,Dryas,Rosaceae,dS,2.8,0.042133333333333335,0.10053333333333332,3.214666666666667,0.42274029641539385,77.39195416878066,1.35,-4.17,49.08,-28.89,36.35555556
99,X2SF,ridge,2,snowfence,Loipro,Loiseleuria procumbens,Loiseleuria,Ericaceae,eS,0.8333333333333334,0.03476666666666667,0.06713333333333334,1.555,0.5190431271400253,45.08085129763406,0.57,-5.86,53.65,-29.77,94.12280702
226,X2C,ridge,2,control,Dryoct,Dryas octopetala,Dryas,Rosaceae,dS,2.6,0.037,0.08566666666666667,2.685,0.43187161291174264,72.63246465927793,1.27,-7.07,48.69,-29.83,38.33858268
98,X2C,ridge,2,control,Loipro,Loiseleuria procumbens,Loiseleuria,Ericaceae,eS,0.5,0.029533333333333335,0.0606,1.2113333333333334,0.4894000567612495,40.91050733314465,0.76,-3.54,53.51,-28.93,70.40789474
268,X2C,ridge,2,control,Juntri,Juncus trifidus,Juncus,Juncaceae,G,11.766666666666667,0.0843,0.22543333333333335,4.233,0.373266597086413,51.607744339172285,1.73,1.92,48.65,-26.96,28.12138728
294,X2C,ridge,2,control,Pinvul,Pinguicula vulgaris,Pinguicula,Lentibulariaceae,F,0.26666666666666666,0.013966666666666665,0.13566666666666666,2.8806666666666665,0.10426519696105033,207.80531573701657,1.11,1.71,41.34,-27.84,37.24324324
177,E1C,heath,1,control,Vacvit,Vaccinium vitis-idaea,Vaccinium,Ericaceae,eS,2.8333333333333335,0.0477,0.1171,3.4549999999999996,0.4060140670028375,74.80800458791028,1.16,-9.64,50.19,-30.21,43.26724138
146,E1C,heath,1,control,Arcalp,Arctostaphylos alpinus,Arctostaphylos,Ericaceae,dS,3.533333333333333,0.03936666666666667,0.09596666666666666,3.613,0.40810361459572364,93.10186032324631,1.14,-5.02,48.53,-30.51,42.57017544
173,E1C,heath,1,control,Callap,Calamagrostis lapponicum,Calamagrostis,Poaceae,G,12.799999999999999,0.0196,0.0506,2.856,0.38598967951949503,147.138733183115,1.03,-0.3,43.2,-28.26,41.94174757
110,E1C,heath,1,control,Carbig,Carex bigelowii,Carex,Cyperaceae,G,5.866666666666667,0.02263333333333333,0.06306666666666666,3.433333333333333,0.35828995862531454,151.47474717676909,1.36,1.86,46.29,-27.86,34.03676471
255,E1C,heath,1,control,Fesovi,Festuca ovina,Festuca,Poaceae,G,8.466666666666667,0.016966666666666668,0.039266666666666665,1.3916666666666666,0.4314202835242024,82.1252230777237,0.88,0.8,45.14,-30.04,51.29545455
162,E1C,heath,1,control,Bisviv,Bistorta vivipara,Bistorta,Polygonaceae,F,7.733333333333333,0.03836666666666667,0.15596666666666667,5.213333333333334,0.24531438084113477,135.62839774720086,1.65,-5.42,46.79,-28.25,28.35757576
250,E1SF,heath,1,snowfence,Astalp,Astragalus alpinus,Astragalus,Fabaceae,F,5.9,0.043533333333333334,0.16783333333333333,7.464666666666667,0.25442811016404077,181.1502258968579,3.29,-0.47,45.75,-28.47,13.90577508
174,E1SF,heath,1,snowfence,Callap,Calamagrostis lapponicum,Calamagrostis,Poaceae,G,20.866666666666667,0.04323333333333333,0.10386666666666666,6.0023333333333335,0.40994792858104656,142.94600958663645,0.93,-4.35,43.1,-26.78,46.34408602
256,E1SF,heath,1,snowfence,Fesovi,Festuca ovina,Festuca,Poaceae,G,7.866666666666666,0.017833333333333333,0.038733333333333335,1.5053333333333332,0.4582352326687657,85.68385053121408,0.88,-3.94,44.35,-29.57,50.39772727
239,E1SF,heath,1,snowfence,Salarb,Salix arbuscula,Salix,Salicaceae,dS,15.200000000000001,0.07963333333333333,0.2275,11.383333333333333,0.3518331117728768,142.13958510984176,1.62,-2.64,47.99,-28.19,29.62345679
176,E1SF,heath,1,snowfence,Vacvit,Vaccinium vitis-idaea,Vaccinium,Ericaceae,eS,8,0.04806666666666667,0.10406666666666667,3.601,0.4633680296089055,75.47902546124922,0.89,-9.01,51.43,-29.57,57.78651685
145,E1SF,heath,1,snowfence,Arcalp,Arctostaphylos alpinus,Arctostaphylos,Ericaceae,dS,4.933333333333334,0.04206666666666667,0.1151,5.078666666666667,0.36536585130413,120.50968011983147,1.32,-3.66,49.5,-30.11,37.5
287,E1SF,heath,1,snowfence,Saualp,Saussurea alpina,Saussurea,Asteraceae,F,5.566666666666666,0.09146666666666667,0.4027,10.667,0.22357566158571557,120.64525431466213,1.05,-4.39,44.15,-29.46,42.04761905
111,E1SF,heath,1,snowfence,Carbig,Carex bigelowii,Carex,Cyperaceae,G,6.033333333333333,0.036333333333333336,0.10333333333333333,5.224,0.3539428448410319,143.91616369674907,1.31,0.52,45.39,-28.61,34.64885496
300,E1SF,heath,1,snowfence,Pedlap,Pedicularis lapponicum,Pedicularis,Orobanchaceae,F,3.4333333333333336,0.0365,0.13016666666666668,4.447666666666667,0.2805521217030794,122.92140688302764,1.15,-5.64,48.26,-29.64,41.96521739
301,E1SF,heath,1,snowfence,Thaalp,Thalictrum alpinum,Thalictrum,Ranunculaceae,F,7.133333333333334,0.042166666666666665,0.12516666666666668,5.4206666666666665,0.3367157197316509,126.79403462510243,1.39,-7.87,44.65,-29.12,32.12230216
144,X1C,ridge,1,control,Arcalp,Arctostaphylos alpinus,Arctostaphylos,Ericaceae,dS,3.1,0.0349,0.08410000000000001,NA,0.41958132163785794,NA,1.29,0.03,49.44,-30.21,38.3255814
175,X1C,ridge,1,control,Vacvit,Vaccinium vitis-idaea,Vaccinium,Ericaceae,eS,2.8,0.031033333333333333,0.06709999999999999,2.167,0.4625945488411321,70.32080610021787,0.74,-6.74,50.9,-30.56,68.78378378
97,X1C,ridge,1,control,Loipro,Loiseleuria procumbens,Loiseleuria,Ericaceae,eS,0.8666666666666667,0.03033333333333333,0.059133333333333336,1.3163333333333334,0.5199199285810043,43.48904504238718,0.73,-6.31,54.06,-29.04,74.05479452
302,X1C,ridge,1,control,Dialap,Diapensia lapponica,Diapensia,Diapensiaceae,eS,0.8666666666666667,0.032966666666666665,0.07266666666666667,1.391,0.4539472361647622,41.949474348307035,0.83,-5.07,47.44,-28.85,57.15662651
303,X1SF,ridge,1,snowfence,Vacvit,Vaccinium vitis-idaea,Vaccinium,Ericaceae,eS,3.5,0.037066666666666664,0.08016666666666666,2.531,0.4604172294011043,68.86404274814112,1.22,0.16,45.45,-30.51,37.25409836
91,X1SF,ridge,1,snowfence,Loipro,Loiseleuria procumbens,Loiseleuria,Ericaceae,eS,1.4333333333333333,0.038233333333333334,0.0733,1.66,0.5205270442340696,44.13030546758491,0.69,-6.95,53.92,-29.49,78.14492754
269,X1SF,ridge,1,snowfence,Juntri,Juncus trifidus,Juncus,Juncaceae,G,9.533333333333333,0.05376666666666667,0.14783333333333334,5.090333333333334,0.36417302008384134,100.94502607500185,1.53,0.39,46.41,-27.61,30.33333333
NA,D3SF,meadow,3,snowfence,Andpol,Andromeda polifolia,Andromeda,Ericaceae,dS,4.266666666666667,0.019200000000000002,0.043633333333333336,1.261,0.43283600111736376,69.72596439282557,NA,NA,NA,NA,NA
194,D3SF,meadow,3,snowfence,Sallap,Salix lapponum,Salix,Salicaceae,dS,17.2,0.1022,0.2375,9.401666666666667,0.43277062555543394,92.11503183647415,1.5,-0.69,52.23,-29.19,34.82
304,D3SF,meadow,3,snowfence,Bisviv,Bistorta vivipara,Bistorta,Polygonaceae,F,8,0.0269,0.1121,3.244333333333333,0.2435919534895644,121.16982506714032,2.89,-2.49,47.68,-26.66,16.4982699
112,D3SF,meadow,3,snowfence,Carbig,Carex bigelowii,Carex,Cyperaceae,G,9,0.0295,0.07796666666666667,4.809,0.38142132802564266,163.1798922845849,2.35,1.25,46.05,-26.94,19.59574468
100,D3SF,meadow,3,snowfence,Cardio,Carex dioica,Carex,Cyperaceae,G,4.733333333333333,0.006166666666666667,0.019133333333333336,0.6846666666666666,0.3243104903482262,115.4800584204022,1.73,0.52,47.17,-28.6,27.26589595
230,D3SF,meadow,3,snowfence,Carvag,Carex vaginatum,Carex,Cyperaceae,G,8.533333333333333,0.035866666666666665,0.10796666666666667,5.855333333333333,0.3326459178093499,166.43408967776546,2.07,0.08,45.34,-29.24,21.90338164
221,D3SF,meadow,3,snowfence,Baralp,Bartia alpina,Bartia,Orobanchaceae,F,8.3,0.0396,0.1238,4.884333333333333,0.3274580052774627,125.57011816113177,1.85,-0.37,45.87,-28.54,24.79459459
265,D3SF,meadow,3,snowfence,Tofpus,Tofielda pusilla,Tofielda,Tofieldiaceae,F,2.3666666666666667,0.0109,0.0388,1.514,0.2701186282718847,147.2870669712775,NA,NA,NA,NA,NA
307,D3SF,meadow,3,snowfence,Rholap,Rhododendron lapponicum,Rhododendron,Ericaceae,dS,5.4,0.020966666666666665,0.054,1.7826666666666666,0.38194784858897723,85.73837074956896,1.66,-7.36,52.85,-26.52,31.8373494
135,D3SF,meadow,3,snowfence,Trices,Trichophorum cespitosum,Trichophorum,Cyperaceae,G,12.7,0.0721,0.1887,5.638333333333334,0.38646324954584665,77.75608395724967,2.05,-0.57,47.15,-27.38,23
306,D3SF,meadow,3,snowfence,Erivag,Eriophorum vaginatum,Eriophorum,Cyperaceae,G,9.5,0.0176,0.05173333333333333,1.486,0.3341562881446525,85.26367816091954,1.96,1.02,47.7,-28.88,24.33673469
308,D3SF,meadow,3,snowfence,Pinvul,Pinguicula vulgaris,Pinguicula,Lentibulariaceae,F,0.6333333333333333,0.005366666666666666,0.0628,NA,0.08465573669679055,NA,NA,NA,NA,NA,NA
NA,D3SF,meadow,3,snowfence,Castet,Cassiope tetragona,Cassiope,Ericaceae,eS,0.4,0.0165,0.0326,1.079,0.5061349693251534,65.39393939393939,NA,NA,NA,NA,NA
309,D3SF,meadow,3,snowfence,Equsci,Equisetum scirpoides,Equisetum,Equisetaceae,F,2.1666666666666665,0.018833333333333334,0.04643333333333333,1.7483333333333333,0.40877966484279565,93.59467175596207,1.17,2.41,39.18,-27.4,33.48717949
NA,D3C,meadow,3,control,Trices,Trichophorum cespitosum,Trichophorum,Cyperaceae,G,11.533333333333333,0.042133333333333335,0.11130000000000001,3.7926666666666664,0.3747558382458236,96.92007976261931,NA,NA,NA,NA,NA
113,D3C,meadow,3,control,Carbig,Carex bigelowii,Carex,Cyperaceae,G,6.6,0.027266666666666665,0.0813,5.125666666666667,0.34003962571318097,187.48654786862335,1.62,-1.09,44.28,-29.51,27.33333333
101,D3C,meadow,3,control,Cardio,Carex dioica,Carex,Cyperaceae,G,3.7,0.008233333333333334,0.023833333333333335,1.089,0.3447318502342038,134.3894876142869,1.64,0.38,46.14,-27.66,28.13414634
276,D3C,meadow,3,control,Hupsel,Huperzea selago,Huperzea,Lycopodiaceae,eS,4.966666666666667,0.004966666666666667,0.011733333333333333,0.5906666666666667,0.42251131221719457,120.25676937441642,1.06,-1.38,51.73,-29.08,48.80188679
220,D3C,meadow,3,control,Baralp,Bartia alpina,Bartia,Orobanchaceae,F,7.1000000000000005,0.0262,0.08056666666666668,3.8396666666666666,0.3231536805923307,163.92858736979957,1.6,-1.05,48.26,-28.42,30.1625
264,D3C,meadow,3,control,Tofpus,Tofielda pusilla,Tofielda,Tofieldiaceae,F,1.6333333333333333,0.009766666666666667,0.028766666666666666,1.8076666666666668,0.3393439295632864,186.78590352746627,1.06,-1.24,46.69,-28.6,44.04716981
277,D3C,meadow,3,control,Rubcha,Rubus chamaemorus,Rubus,Rosaceae,F,2.6666666666666665,0.028766666666666666,0.08406666666666666,3.4983333333333335,0.34099395903847735,122.88268924477471,1.8,-0.01,46.9,-28.61,26.05555556
125,D3C,meadow,3,control,Andpol,Andromeda polifolia,Andromeda,Ericaceae,dS,5.4,0.0276,0.06396666666666667,1.7026666666666666,0.43389803834736923,64.16387352661863,1.32,-7.56,51.85,-28.43,39.28030303
134,D3C,meadow,3,control,Andpol,Andromeda polifolia,Andromeda,Ericaceae,dS,5.4,0.0276,0.06396666666666667,1.7026666666666666,0.43389803834736923,64.16387352661863,1.88,-1.89,46.46,-28.8,24.71276596
165,D3C,meadow,3,control,Bisviv,Bistorta vivipara,Bistorta,Polygonaceae,F,5.3,0.03733333333333333,0.14803333333333335,5.0456666666666665,0.24703943291291286,144.1674367352456,2.76,-2.08,48.66,-27.17,17.63043478
278,D3C,meadow,3,control,Pinvul,Pinguicula vulgaris,Pinguicula,Lentibulariaceae,F,0.43333333333333335,0.005366666666666666,0.06436666666666667,1.8743333333333334,0.08216940774122485,368.67108300712636,1.31,-1.54,46.26,-30.8,35.3129771
114,D4SF,meadow,4,snowfence,Carbig,Carex bigelowii,Carex,Cyperaceae,G,6.333333333333333,0.041433333333333336,0.11393333333333333,6.610333333333333,0.365454950195741,164.3313695169581,1.84,0.69,45.13,-28.3,24.52717391
232,D4SF,meadow,4,snowfence,Carvag,Carex vaginatum,Carex,Cyperaceae,G,5.633333333333333,0.03133333333333333,0.0868,NA,0.3521486502683555,NA,2.18,-0.01,45.72,-28,20.97247706
102,D4SF,meadow,4,snowfence,Cardio,Carex dioica,Carex,Cyperaceae,G,7.366666666666666,0.016466666666666668,0.042466666666666666,1.704,0.3881775360319282,108.89659245140473,2.1,1.26,45.1,-28.36,21.47619048
279,D4SF,meadow,4,snowfence,Rubcha,Rubus chamaemorus,Rubus,Rosaceae,F,3.4,0.0706,0.1936,7.602666666666667,0.3592046237162683,119.54267807081972,1.89,1.28,48.61,-28.82,25.71957672
206,D4SF,meadow,4,snowfence,Sallap,Salix lapponum,Salix,Salicaceae,dS,20.333333333333332,0.17256666666666667,0.4131666666666667,15.963000000000001,0.4186317184107248,94.3912776228334,1.9,-0.11,51.05,-28.94,26.86842105
219,D4SF,meadow,4,snowfence,Baralp,Bartia alpina,Bartia,Orobanchaceae,F,8.333333333333332,0.0377,0.12469999999999999,4.502666666666666,0.3014312847764902,123.01049531944304,2.01,0.95,45.58,-28.64,22.67661692
193,D4SF,meadow,4,snowfence,Bisviv,Bistorta vivipara,Bistorta,Polygonaceae,F,7.2,0.045233333333333334,0.20106666666666667,6.065333333333333,0.23900014357075164,134.42883453216987,2.09,-1.35,45.87,-27.72,21.94736842
156,D4SF,meadow,4,snowfence,Arcalp,Arctostaphylos alpinus,Arctostaphylos,Ericaceae,dS,3.6666666666666665,0.0392,0.0989,4.7763333333333335,0.3917170933365287,124.63774464663136,1.47,0.08,49.84,-30.26,33.9047619
126,D4SF,meadow,4,snowfence,Andpol,Andromeda polifolia,Andromeda,Ericaceae,dS,3.933333333333333,0.016533333333333334,0.044866666666666666,1.204,0.36789162125830366,76.02287079706434,1.29,-7.23,51.63,-28.9,40.02325581
136,D4SF,meadow,4,snowfence,Trices,Trichophorum cespitosum,Trichophorum,Cyperaceae,G,16.166666666666668,0.08583333333333333,0.23566666666666666,6.860333333333333,0.3639751611532476,82.50222607143944,1.94,0.41,46.64,-28.35,24.04123711
280,D4SF,meadow,4,snowfence,Pinvul,Pinguicula vulgaris,Pinguicula,Lentibulariaceae,F,0.5333333333333333,0.012866666666666667,0.15806666666666666,4.208666666666667,0.07788278790453025,334.6464646464646,1.19,0.76,44.85,-30.58,37.68907563
281,D4SF,meadow,4,snowfence,Tofpus,Tofielda pusilla,Tofielda,Tofieldiaceae,F,1.9000000000000001,0.012033333333333333,0.03866666666666667,1.6383333333333334,0.31393257946474523,135.12636932959956,1.4,-0.22,46.4,-28.62,33.14285714
249,D4SF,meadow,4,snowfence,Equsci,Equisetum scirpoides,Equisetum,Equisetaceae,F,2.966666666666667,0.017633333333333334,0.0462,1.385,0.34501142586771166,82.52452908973034,1.75,4.34,40.93,-28.01,23.38857143
115,D4C,meadow,4,control,Carbig,Carex bigelowii,Carex,Cyperaceae,G,6.699999999999999,0.0424,0.11076666666666667,NA,0.38313849020068186,NA,1.73,1.43,46.02,-27.83,26.60115607
103,D4C,meadow,4,control,Cardio,Carex dioica,Carex,Cyperaceae,G,6.9,0.017425,0.042625,2.07625,0.4102620453152512,119.34690710840313,1.67,0.92,46.47,-26.52,27.82634731
231,D4C,meadow,4,control,Carvag,Carex vaginatum,Carex,Cyperaceae,G,8.933333333333334,0.03746666666666667,0.0984,5.7796666666666665,0.3741378517159159,175.20756744351016,1.91,0.69,46.18,-27.6,24.17801047
137,D4C,meadow,4,control,Trices,Trichophorum cespitosum,Trichophorum,Cyperaceae,G,14.2,0.08825,0.22139999999999999,7.830500000000001,0.39905141949319656,89.35922758328095,2.13,-0.4,47.55,-27.03,22.32394366
155,D4C,meadow,4,control,Arcalp,Arctostaphylos alpinus,Arctostaphylos,Ericaceae,dS,2.966666666666667,0.040600000000000004,0.0915,4.450333333333333,0.444134872710148,116.55373747936723,1.19,-2.62,49.85,-29.6,41.8907563
127,D4C,meadow,4,control,Andpol,Andromeda polifolia,Andromeda,Ericaceae,dS,2.7333333333333334,0.027133333333333332,0.0593,2.677,0.4563388324008956,97.66502788350974,1.09,-7.17,51.56,-28.71,47.30275229
192,D4C,meadow,4,control,Bisviv,Bistorta vivipara,Bistorta,Polygonaceae,F,9.466666666666667,0.052533333333333335,0.2157,6.719666666666667,0.24493276139184048,128.52556111228,2.5,-2.51,47.29,-26.64,18.916
282,D4C,meadow,4,control,Rubcha,Rubus chamaemorus,Rubus,Rosaceae,F,3.533333333333333,0.07383333333333333,0.20543333333333333,7.380333333333334,0.3598989566229579,99.74387464579931,1.93,1.44,48.72,-28.02,25.24352332
283,D4C,meadow,4,control,Pinvul,Pinguicula vulgaris,Pinguicula,Lentibulariaceae,F,0.9333333333333333,0.0154,0.2199,8.860333333333333,0.06828736965217418,579.4631407819,1.54,0.2,45.26,-29.78,29.38961039
205,D4C,meadow,4,control,Sallap,Salix lapponum,Salix,Salicaceae,dS,16.133333333333333,0.13443333333333332,0.33603333333333335,14.078333333333333,0.39884175883577694,107.52554936222407,1.63,-2.22,50.07,-30.18,30.71779141
209,D4C,meadow,4,control,Rholap,Rhododendron lapponicum,Rhododendron,Ericaceae,dS,3.9,0.039933333333333335,0.0944,3.3083333333333336,0.419445362869924,84.95404161302866,1.41,-6.66,52.09,-28.56,36.94326241
263,D4C,meadow,4,control,Tofpus,Tofielda pusilla,Tofielda,Tofieldiaceae,F,1.9333333333333333,0.021933333333333332,0.06433333333333333,2.2063333333333333,0.3409139211359161,103.17313951898092,1.04,0.39,46.12,-28.52,44.34615385
218,D4C,meadow,4,control,Baralp,Bartia alpina,Bartia,Orobanchaceae,F,10.299999999999999,0.04816666666666667,0.1478,6.117333333333334,0.32531598946897755,133.60209131233844,2.11,-0.59,47.42,-28.05,22.47393365
204,D5SF,meadow,5,snowfence,Sallap,Salix lapponum,Salix,Salicaceae,dS,41.833333333333336,0.26213333333333333,0.6696,23.553333333333335,0.3930106080062201,92.94834113512235,2.2,0.53,50.34,-28.74,22.88181818
240,D5SF,meadow,5,snowfence,Salarb,Salix arbuscula,Salix,Salicaceae,dS,32.666666666666664,0.13163333333333332,0.31253333333333333,13.769333333333334,0.41677575082944357,106.35516807349316,1.66,0.77,50.85,-30.38,30.63253012
191,D5SF,meadow,5,snowfence,Bisviv,Bistorta vivipara,Bistorta,Polygonaceae,F,7.966666666666666,0.11103333333333333,0.44226666666666664,12.356333333333334,0.25196376778370555,114.11578165427645,2.72,1.52,47.09,-27.65,17.3125
258,D5SF,meadow,5,snowfence,Fesovi,Festuca ovina,Festuca,Poaceae,G,11.6,0.03303333333333333,0.08873333333333333,4.362,0.3829067672290378,129.85065350720495,1.79,-1.88,45.48,-31.84,25.40782123
116,D5SF,meadow,5,snowfence,Carbig,Carex bigelowii,Carex,Cyperaceae,G,6.8,0.051333333333333335,0.13263333333333333,6.270333333333333,0.38717019062208113,125.9913905353956,1.95,-1.16,45.85,-27.47,23.51282051
233,D5SF,meadow,5,snowfence,Carvag,Carex vaginatum,Carex,Cyperaceae,G,3.3333333333333335,0.031100000000000003,0.0814,4.663,0.38270040403010713,149.39664097206057,1.73,0.8,46.2,-27.75,26.70520231
217,D5SF,meadow,5,snowfence,Baralp,Bartia alpina,Bartia,Orobanchaceae,F,12.033333333333333,0.08776666666666666,0.2714,9.946666666666667,0.3253200127525817,112.00653436247164,1.87,0.92,46.1,-28.66,24.65240642
124,D5SF,meadow,5,snowfence,Andpol,Andromeda polifolia,Andromeda,Ericaceae,dS,5.333333333333333,0.017766666666666667,0.046766666666666665,1.7693333333333332,0.3760169122479099,109.59140425755676,1.26,-7.09,52.46,-28.48,41.63492063
128,D5SF,meadow,5,snowfence,Andpol,Andromeda polifolia,Andromeda,Ericaceae,dS,5.333333333333333,0.017766666666666667,0.046766666666666665,1.7693333333333332,0.3760169122479099,109.59140425755676,1.61,-0.84,51.3,-30.82,31.86335404
159,D5SF,meadow,5,snowfence,Arcalp,Arctostaphylos alpinus,Arctostaphylos,Ericaceae,dS,5.333333333333333,0.14486666666666667,0.42136666666666667,16.170666666666666,0.35801534473831614,110.02053441154128,1.58,0.13,48.47,-30.4,30.67721519
184,D5SF,meadow,5,snowfence,Vacvit,Vaccinium vitis-idaea,Vaccinium,Ericaceae,eS,4.566666666666666,0.05803333333333333,0.14706666666666668,5.219333333333333,0.3973050762308458,90.70029130226499,1.23,-0.83,50.17,-30.55,40.78861789
254,D5SF,meadow,5,snowfence,Astalp,Astragalus alpinus,Astragalus,Fabaceae,F,4.066666666666666,0.01693333333333333,0.07053333333333334,3.949,0.24199651033306052,233.9996355669072,4.58,-1.19,45.23,-29.31,9.875545852
284,D5SF,meadow,5,snowfence,Eupfri,Euphrasia frigida,Euphrasia,Orobanchaceae,F,9.633333333333335,0.019333333333333334,0.08310000000000001,3.5906666666666665,0.23017747111428147,190.03477281526062,3.58,-1,48.33,-31.21,13.5
285,D5SF,meadow,5,snowfence,Hupsel,Huperzea selago,Huperzea,Lycopodiaceae,eS,4.966666666666667,0.007333333333333333,0.020433333333333335,1.0996666666666666,0.36642349555832937,150.20767669023482,1.7,-1.89,50.55,-28.62,29.73529412
NA,D5SF,meadow,5,snowfence,Pyrsp,NA,NA,NA,NA,2.533333333333333,0.06263333333333333,0.19726666666666667,9.286,0.31597496569302347,151.68096443452413,NA,NA,NA,NA,NA
NA,D5SF,meadow,5,snowfence,Silaca,Silene acaulis,Silene,Caryophyllaceae,F,1.9666666666666668,0.009899999999999999,0.05056666666666667,1.5146666666666666,0.19420290642013346,156.94531190202832,NA,NA,NA,NA,NA
138,D5SF,meadow,5,snowfence,Trices,Trichophorum cespitosum,Trichophorum,Cyperaceae,G,10.200000000000001,0.0569,0.14363333333333334,5.814333333333334,0.4007453854221755,99.3172638978401,2.04,-0.41,47,-27.34,23.03921569
129,D5C,meadow,5,control,Andpol,Andromeda polifolia,Andromeda,Ericaceae,dS,4.933333333333334,0.025966666666666666,0.06643333333333333,2.1246666666666667,0.3950733274864705,80.33497682284778,1.44,-3.49,51.59,-29.53,35.82638889
253,D5C,meadow,5,control,Astalp,Astragalus alpinus,Astragalus,Fabaceae,F,6.166666666666666,0.02766666666666667,0.1266,6.587,0.22625992835444453,233.01066669205434,4.63,-0.77,46.13,-29.89,9.963282937
160,D5C,meadow,5,control,Arcalp,Arctostaphylos alpinus,Arctostaphylos,Ericaceae,dS,4.733333333333333,0.08736666666666668,0.229,9.304,0.3755961357633616,111.51078049634586,1.45,-1.15,49.61,-30.01,34.2137931
216,D5C,meadow,5,control,Baralp,Bartia alpina,Bartia,Orobanchaceae,F,8.4,0.040633333333333334,0.12453333333333333,4.341666666666667,0.32454766048883227,110.6216841559498,1.9,-0.77,47.51,-27.56,25.00526316
190,D5C,meadow,5,control,Bisviv,Bistorta vivipara,Bistorta,Polygonaceae,F,8.3,0.07893333333333333,0.31930000000000003,9.088333333333333,0.24759773865907458,115.3093583373616,2.7,-0.28,48.16,-26.75,17.83703704
117,D5C,meadow,5,control,Carbig,Carex bigelowii,Carex,Cyperaceae,G,8.033333333333333,0.047200000000000006,0.1363,8.477666666666668,0.3386571142566558,182.5154951954073,1.89,-2.03,45.92,-28.3,24.2962963
234,D5C,meadow,5,control,Carcap,Carex capillaris,Carex,Cyperaceae,G,3.4333333333333336,0.0252,0.07453333333333334,4.325333333333333,0.3378377303198869,171.66378447190465,1.78,-1.62,45.51,-30.12,25.56741573
311,D5C,meadow,5,control,Salret,Salix reticulata,Salix,Salicaceae,dS,2.933333333333333,0.08463333333333334,0.23226666666666668,7.565666666666667,0.36045258483769615,90.59064771793798,1.79,-1.56,48.21,-30.97,26.93296089
273,D5C,meadow,5,control,Equpra,Equisetum pratense,Equisetum,Equisetaceae,F,7.2,0.05583333333333334,0.21133333333333332,6.112,0.2632000883683756,110.81472403776324,1.67,2.44,37.45,-28.59,22.4251497
312,D5C,meadow,5,control,Hupsel,Huperzea selago,Huperzea,Lycopodiaceae,eS,4.1,0.0091,0.027466666666666667,1.2750000000000001,0.33101622577388623,140.6328944623072,1.12,0.19,49.6,-29.35,44.28571429
248,D5C,meadow,5,control,Equsci,Equisetum scirpoides,Equisetum,Equisetaceae,F,2,0.0229,0.06456666666666666,1.8866666666666667,0.3599774479913863,80.08903590908263,1.48,-0.58,39.6,-28.49,26.75675676
203,D5C,meadow,5,control,Sallap,Salix lapponum,Salix,Salicaceae,dS,54,0.20373333333333332,0.49543333333333334,19.162333333333333,0.41281772281566326,94.62086453998069,2.26,-2.77,50.52,-28.84,22.3539823
313,D5C,meadow,5,control,Saualp,Saussurea alpina,Saussurea,Asteraceae,F,8.266666666666666,0.16566666666666668,0.7967333333333333,23.620333333333335,0.20589353059688492,146.98383238414053,1.95,-2.35,44.79,-28.54,22.96923077
316,D5C,meadow,5,control,Silaca,Silene acaulis,Silene,Caryophyllaceae,F,1.1333333333333333,0.0132,0.06813333333333334,1.517,0.1930006079311635,117.24359288570083,1.59,-0.95,40.08,-28.28,25.20754717
317,D5C,meadow,5,control,Thaalp,Thalictrum alpinum,Thalictrum,Ranunculaceae,F,4.933333333333334,0.030166666666666668,0.09056666666666667,4.151,0.33221162286257266,140.03667617911805,2.17,-2.31,46.37,-30.14,21.36866359
139,D5C,meadow,5,control,Trices,Trichophorum cespitosum,Trichophorum,Cyperaceae,G,11.666666666666666,0.06996666666666666,0.17246666666666666,5.18,0.4055190382429567,74.18520074960628,1.78,-0.21,47.96,-27.7,26.94382022
130,D2SF,meadow,2,snowfence,Andpol,Andromeda polifolia,Andromeda,Ericaceae,dS,2.8,0.024933333333333335,0.0628,1.8873333333333333,0.3982562999331292,75.63523844240723,1.48,-6.33,51.93,-28.08,35.08783784
158,D2SF,meadow,2,snowfence,Arcalp,Arctostaphylos alpinus,Arctostaphylos,Ericaceae,dS,2.7,0.027866666666666668,0.0669,3.156,0.4149607274885104,114.94360476716125,1.06,-3.01,49.62,-30.95,46.81132075
215,D2SF,meadow,2,snowfence,Baralp,Bartia alpina,Bartia,Orobanchaceae,F,6.933333333333334,0.03496666666666667,0.10766666666666666,4.3740000000000006,0.322726004818055,128.16269966269965,1.57,-2.02,46.53,-28.81,29.63694268
189,D2SF,meadow,2,snowfence,Bisviv,Bistorta vivipara,Bistorta,Polygonaceae,F,4.5,0.0341,0.13576666666666667,4.2893333333333334,0.25983062590512623,125.24219426144036,2.6,-2.47,47.55,-27.65,18.28846154
118,D2SF,meadow,2,snowfence,Carbig,Carex bigelowii,Carex,Cyperaceae,G,5.633333333333334,0.0375,0.09686666666666667,5.671666666666667,0.3855737892033317,153.77261533161135,1.5,0.36,45.39,-28,30.26
318,D2SF,meadow,2,snowfence,Pinvul,Pinguicula vulgaris,Pinguicula,Lentibulariaceae,F,0.43333333333333335,0.011866666666666666,0.15166666666666667,3.622333333333333,0.07601322080294563,318.5259529294617,1.09,-0.83,46.07,-30.83,42.26605505
235,D2SF,meadow,2,snowfence,Carcap,Carex capillaris,Carex,Cyperaceae,G,3.3333333333333335,0.022633333333333335,0.0686,4.2203333333333335,0.3247082855863717,180.93911395143712,1.4,-0.82,45.53,-29.9,32.52142857
236,D2SF,meadow,2,snowfence,Carcap,Carex capillaris,Carex,Cyperaceae,G,3.3333333333333335,0.022633333333333335,0.0686,4.2203333333333335,0.3247082855863717,180.93911395143712,1.27,0.83,45.78,-28.07,36.04724409
208,D2SF,meadow,2,snowfence,Rholap,Rhododendron lapponicum,Rhododendron,Ericaceae,dS,2.1,0.01983333333333333,0.04733333333333333,1.7623333333333335,0.40981437143402977,94.14248371306195,1.7,-6.63,51.13,-27.75,30.07647059
241,D2SF,meadow,2,snowfence,Salarb,Salix arbuscula,Salix,Salicaceae,dS,10.333333333333334,0.08846666666666667,0.20583333333333334,6.780666666666667,0.42738241331032434,77.74808248926584,1.48,-2.51,50.8,-28.8,34.32432432
104,D2SF,meadow,2,snowfence,Cardio,Carex dioica,Carex,Cyperaceae,G,5.3,0.016033333333333333,0.04216666666666667,1.7243333333333333,0.3803359447464176,107.47478247478247,1.64,1.47,45.71,-28.27,27.87195122
262,D2SF,meadow,2,snowfence,Tofpus,Tofielda pusilla,Tofielda,Tofieldiaceae,F,2.1333333333333333,0.014366666666666666,0.04413333333333334,1.535,0.33360346315803935,103.92082386793882,1.33,-0.97,45.65,-28.82,34.32330827
140,D2SF,meadow,2,snowfence,Trices,Trichophorum cespitosum,Trichophorum,Cyperaceae,G,10.700000000000001,0.11056666666666667,0.2863,7.471,0.38827338256851474,67.26945127847013,1.77,-0.17,46.53,-27.49,26.28813559
319,D2SF,meadow,2,snowfence,Silaca,Silene acaulis,Silene,Caryophyllaceae,F,1.0666666666666667,0.013533333333333333,0.0547,1.0266666666666666,0.24476685631363335,76.6786972816956,0.98,-0.82,40.52,-27.57,41.34693878
228,D2SF,meadow,2,snowfence,Dryoct,Dryas octopetala,Dryas,Rosaceae,dS,4.266666666666667,0.04716666666666667,0.11943333333333334,4.148,0.39718494974149304,88.39883102698315,1.42,-3.38,49.13,-30.03,34.59859155
NA,D2SF,meadow,2,snowfence,Carvag,Carex vaginatum,Carex,Cyperaceae,G,6.866666666666666,0.017233333333333333,0.045899999999999996,2.614,0.3756936665087091,149.73424145299145,NA,NA,NA,NA,NA
247,D2SF,meadow,2,snowfence,Equsci,Equisetum scirpoides,Equisetum,Equisetaceae,F,3.033333333333333,0.020366666666666665,0.0526,1.1973333333333334,0.388760403835131,62.83904849211761,1.47,1.09,40.18,-27.89,27.33333333
NA,D2SF,meadow,2,snowfence,Castet,Cassiope tetragona,Cassiope,Ericaceae,eS,5.4,0.0085,0.0196,0.689,0.43367346938775514,81.05882352941175,NA,NA,NA,NA,NA
131,D2C,meadow,2,control,Andpol,Andromeda polifolia,Andromeda,Ericaceae,dS,2.9,0.018033333333333332,0.04126666666666667,1.206,0.43425095134169556,66.75873891728146,1.07,-6.08,51.61,-28.73,48.23364486
214,D2C,meadow,2,control,Baralp,Bartia alpina,Bartia,Orobanchaceae,F,3.7333333333333334,0.0165,0.04933333333333333,2.24,0.3246794827583942,149.10519153024057,1.48,-0.46,48.68,-28.77,32.89189189
188,D2C,meadow,2,control,Bisviv,Bistorta vivipara,Bistorta,Polygonaceae,F,5.933333333333334,0.034333333333333334,0.1193,3.469333333333333,0.28188595325519605,103.9292158190122,2.14,-0.48,48.33,-27.85,22.58411215
119,D2C,meadow,2,control,Carbig,Carex bigelowii,Carex,Cyperaceae,G,9.6,0.06526666666666667,0.1768,8.962666666666667,0.36841224273217915,144.71724837223434,1.84,0.67,46.77,-28.01,25.41847826
320,D2C,meadow,2,control,Pinvul,Pinguicula vulgaris,Pinguicula,Lentibulariaceae,F,0.4666666666666667,0.0066,0.09273333333333333,2.342,0.07107411762331743,355.7102635754708,0.88,0.03,44.38,-31.39,50.43181818
207,D2C,meadow,2,control,Rholap,Rhododendron lapponicum,Rhododendron,Ericaceae,dS,2.9333333333333336,0.016733333333333333,0.0431,1.6286666666666665,0.38865624231938367,99.83664282577325,1.82,-6.25,52.46,-28.05,28.82417582
261,D2C,meadow,2,control,Tofpus,Tofielda pusilla,Tofielda,Tofieldiaceae,F,0.9666666666666667,0.011566666666666666,0.037733333333333334,1.3243333333333334,0.3058658893482603,114.78120535378599,1.53,-0.27,46.47,-28.2,30.37254902
143,D2C,meadow,2,control,Trices,Trichophorum cespitosum,Trichophorum,Cyperaceae,G,11.266666666666666,0.07943333333333333,0.20266666666666666,5.799,0.3925724483215772,72.96385278427893,1.82,-0.29,47.35,-26.76,26.01648352
202,D2C,meadow,2,control,Sallap,Salix lapponum,Salix,Salicaceae,dS,15,0.1115,0.26613333333333333,11.346666666666666,0.41883132127463013,101.47644167617483,1.81,-0.41,50.52,-29.56,27.91160221
321,D2C,meadow,2,control,Hupsel,Huperzea selago,Huperzea,Lycopodiaceae,eS,3.2666666666666666,0.0047666666666666664,0.013266666666666666,0.6756666666666666,0.36065733847991915,141.72192414431083,1.33,-2.89,50.44,-30.15,37.92481203
229,D2C,meadow,2,control,Dryoct,Dryas octopetala,Dryas,Rosaceae,dS,3.533333333333333,0.020233333333333332,0.049666666666666665,1.7616666666666667,0.4063996298765206,87.5280964559737,1.49,-0.81,49.32,-29.99,33.10067114
246,D2C,meadow,2,control,Equsci,Equisetum scirpoides,Equisetum,Equisetaceae,F,3.966666666666667,0.03266666666666666,0.08633333333333333,2.0233333333333334,0.37445488108096214,62.693677162266894,1.45,3.07,41.07,-28.16,28.32413793
132,D1SF,meadow,1,snowfence,Andpol,Andromeda polifolia,Andromeda,Ericaceae,dS,3.066666666666667,0.019733333333333332,0.04666666666666667,2.093,0.42260366995844173,105.81407567606054,1.45,-5.9,52.46,-28.56,36.17931034
157,D1SF,meadow,1,snowfence,Arcalp,Arctostaphylos alpinus,Arctostaphylos,Ericaceae,dS,4.466666666666667,0.07573333333333333,0.18003333333333332,6.612666666666667,0.4169371602525254,89.62279164132532,1.13,-3.75,49.21,-30.78,43.54867257
213,D1SF,meadow,1,snowfence,Baralp,Bartia alpina,Bartia,Orobanchaceae,F,6.8,0.031433333333333334,0.0998,4.698333333333333,0.3139292942037904,152.2935152575132,1.28,-3.09,46.3,-28.38,36.171875
187,D1SF,meadow,1,snowfence,Bisviv,Bistorta vivipara,Bistorta,Polygonaceae,F,6.666666666666667,0.034466666666666666,0.14136666666666667,3.856666666666667,0.2449305332336199,109.11002246023136,2.41,-3.56,46.06,-27.69,19.1120332
120,D1SF,meadow,1,snowfence,Carbig,Carex bigelowii,Carex,Cyperaceae,G,8.566666666666666,0.0378,0.10746666666666667,5.547,0.37363464175836575,149.3441229410784,1.86,-2.06,45.97,-27.88,24.71505376
275,D1SF,meadow,1,snowfence,Equpra,Equisetum pratense,Equisetum,Equisetaceae,F,14.7,0.10086666666666666,0.3768333333333333,12.279,0.2670739262799591,121.25817571318676,1.57,2.3,36.83,-27.61,23.45859873
260,D1SF,meadow,1,snowfence,Tofpus,Tofielda pusilla,Tofielda,Tofieldiaceae,F,2.2333333333333334,0.018666666666666665,0.05556666666666667,2.238,0.3358323909369696,118.34620343329412,1.17,-1.01,46.48,-26.5,39.72649573
201,D1SF,meadow,1,snowfence,Sallap,Salix lapponum,Salix,Salicaceae,dS,23.233333333333334,0.14253333333333332,0.36946666666666667,13.302666666666667,0.3777399401255031,97.81120590944131,2.32,-4.22,49.58,-27.52,21.37068966
141,D1SF,meadow,1,snowfence,Trices,Trichophorum cespitosum,Trichophorum,Cyperaceae,G,10.9,0.0903,0.23383333333333334,9.192666666666668,0.3838699411491949,102.89932550235164,1.63,-2.66,47.53,-27.56,29.1595092
314,D1SF,meadow,1,snowfence,Silaca,Silene acaulis,Silene,Caryophyllaceae,F,1.9666666666666668,0.013233333333333333,0.052700000000000004,1.3573333333333333,0.2523240267077055,102.75952008346374,0.93,-2.44,42.85,-27.86,46.07526882
NA,D1SF,meadow,1,snowfence,Carvag,Carex vaginatum,Carex,Cyperaceae,G,4.533333333333333,0.019200000000000002,0.050833333333333335,3.3533333333333335,0.36991629018827377,182.9114821815684,NA,NA,NA,NA,NA
245,D1SF,meadow,1,snowfence,Equsci,Equisetum scirpoides,Equisetum,Equisetaceae,F,4.9,0.030433333333333333,0.0786,2.306,0.3889527337608744,70.48329864208543,1.18,-0.69,39.11,-28.01,33.1440678
212,D1C,meadow,1,control,Baralp,Bartia alpina,Bartia,Orobanchaceae,F,6.6,0.0237,0.07013333333333333,3.9266666666666667,0.33524225078295977,172.3915390821124,1.3,-3.83,47.61,-29.41,36.62307692
186,D1C,meadow,1,control,Bisviv,Bistorta vivipara,Bistorta,Polygonaceae,F,6.133333333333333,0.048433333333333335,0.1724,5.978666666666666,0.2813209995057983,123.16327080557726,2.33,-2.86,47.54,-27.99,20.40343348
121,D1C,meadow,1,control,Carbig,Carex bigelowii,Carex,Cyperaceae,G,6.466666666666667,0.0387,0.09396666666666667,5.317666666666666,0.4121456949684137,146.95971825856543,1.65,-1.95,45.27,-27.76,27.43636364
200,D1C,meadow,1,control,Sallap,Salix lapponum,Salix,Salicaceae,dS,17.4,0.21910000000000002,0.5527333333333333,21.171666666666667,0.3947252261568848,98.22347924818455,1.73,-3.34,49.44,-28.61,28.57803468
274,D1C,meadow,1,control,Equpra,Equisetum pratense,Equisetum,Equisetaceae,F,12.166666666666666,0.08020000000000001,0.29466666666666663,10.280333333333333,0.27333919650877425,119.3041680689138,1.9,1.88,37.93,-27.97,19.96315789
259,D1C,meadow,1,control,Tofpus,Tofielda pusilla,Tofielda,Tofieldiaceae,F,2.7333333333333334,0.020466666666666668,0.06186666666666667,2.5693333333333332,0.3372574131086199,122.72010929687154,1.23,-1.45,46.5,-27.7,37.80487805
142,D1C,meadow,1,control,Trices,Trichophorum cespitosum,Trichophorum,Cyperaceae,G,7.6,0.03403333333333333,0.08666666666666667,3.3146666666666667,0.3931895912389894,100.98393163911159,1.39,-2.68,46.86,-27.71,33.71223022
133,D1C,meadow,1,control,Andpol,Andromeda polifolia,Andromeda,Ericaceae,dS,3.8666666666666667,0.026166666666666664,0.05503333333333333,1.671,0.47844906174164265,66.83301199373079,1.19,-7.48,52.8,-28.43,44.3697479
161,D1C,meadow,1,control,Cardio,Carex dioica,Carex,Cyperaceae,G,5.866666666666667,0.011366666666666667,0.022933333333333333,1.198,0.4967313306716622,105.6049881049881,1.41,0.85,46.43,-27.7,32.92907801
NA,D1C,meadow,1,control,Carvag,Carex vaginatum,Carex,Cyperaceae,G,5,0.0163,0.045233333333333334,3.6123333333333334,0.36246939717509163,225.6897405640427,NA,NA,NA,NA,NA
185,D1C,meadow,1,control,Vacvit,Vaccinium vitis-idaea,Vaccinium,Ericaceae,eS,3.966666666666667,0.0293,0.0641,2.373333333333333,0.45661600604950975,79.85928006698863,1.02,-8.87,50.91,-29.88,49.91176471
315,D1C,meadow,1,control,Hupsel,Huperzea selago,Huperzea,Lycopodiaceae,eS,4.066666666666666,0.0058,0.014833333333333334,0.8706666666666667,0.3871495030953788,146.022568022568,0.95,-0.84,50.1,-30.5,52.73684211
NA,D1SF,meadow,1,snowfence,Hupsel,Huperzea selago,Huperzea,Lycopodiaceae,eS,3.7666666666666666,0.005566666666666667,0.0165,0.9133333333333333,0.3403972085017213,165.41928721174003,NA,NA,NA,NA,NA
